模型族,参数,扰动百分比,场量,时刻_s,材料坐标_xi,有符号有限响应,数值工作预算,结构零
Q1,扩散前因子,1.0,C,100.0,0.0,0.0,0.000581439719289717,False
Q1,扩散前因子,1.0,C,100.0,0.25,0.0,0.000581439719289717,False
Q1,扩散前因子,1.0,C,100.0,0.5,0.0,0.000581439719289717,False
Q1,扩散前因子,1.0,C,100.0,0.75,-5.388401946859744e-07,0.000581439719289717,False
Q1,扩散前因子,1.0,C,100.0,1.0,0.13655584756595562,0.000581439719289717,False
Q1,扩散前因子,1.0,C,300.0,0.0,2.220446049250313e-14,0.0004153117698252988,False
Q1,扩散前因子,1.0,C,300.0,0.25,0.0,0.0004153117698252988,False
Q1,扩散前因子,1.0,C,300.0,0.5,-1.6880918884965013e-08,0.0004153117698252988,False
Q1,扩散前因子,1.0,C,300.0,0.75,-0.0036281079608180278,0.0004153117698252988,False
Q1,扩散前因子,1.0,C,300.0,1.0,0.2082891404563192,0.0004153117698252988,False
Q1,扩散前因子,1.0,C,600.0,0.0,-8.881784197001252e-14,0.00031997354557900985,False
Q1,扩散前因子,1.0,C,600.0,0.25,-4.08033606902336e-09,0.00031997354557900985,False
Q1,扩散前因子,1.0,C,600.0,0.5,-0.00010059407677953658,0.00031997354557900985,False
Q1,扩散前因子,1.0,C,600.0,0.75,-0.03461918805192088,0.00031997354557900985,False
Q1,扩散前因子,1.0,C,600.0,1.0,0.26007309026792047,0.00031997354557900985,False
Q1,扩散前因子,1.0,C,900.0,0.0,-1.2378542635360645e-09,0.0002680939150003213,False
Q1,扩散前因子,1.0,C,900.0,0.25,-2.663135156844021e-06,0.0002680939150003213,False
Q1,扩散前因子,1.0,C,900.0,0.5,-0.0018931907833641404,0.0002680939150003213,False
Q1,扩散前因子,1.0,C,900.0,0.75,-0.07313116002007902,0.0002680939150003213,False
Q1,扩散前因子,1.0,C,900.0,1.0,0.2894358984543377,0.0002680939150003213,False
Q1,扩散前因子,1.0,C,1200.0,0.0,-3.3008316080440636e-07,0.00023326988578845558,False
Q1,扩散前因子,1.0,C,1200.0,0.25,-6.956312459394098e-05,0.00023326988578845558,False
Q1,扩散前因子,1.0,C,1200.0,0.5,-0.008296008867603177,0.00023326988578845558,False
Q1,扩散前因子,1.0,C,1200.0,0.75,-0.10532243107064243,0.00023326988578845558,False
Q1,扩散前因子,1.0,C,1200.0,1.0,0.3082114690662663,0.00023326988578845558,False
Q1,扩散前因子,1.0,C,1500.0,0.0,-9.300810588364072e-06,0.0002074790229424388,False
Q1,扩散前因子,1.0,C,1500.0,0.25,-0.0004977990708754376,0.0002074790229424388,False
Q1,扩散前因子,1.0,C,1500.0,0.5,-0.020186248355291703,0.0002074790229424388,False
Q1,扩散前因子,1.0,C,1500.0,0.75,-0.13009065559823618,0.0002074790229424388,False
Q1,扩散前因子,1.0,C,1500.0,1.0,0.32076947519130705,0.0002074790229424388,False
Q1,扩散前因子,1.0,C,1800.0,0.0,-8.520901875197495e-05,0.00018729086388799044,False
Q1,扩散前因子,1.0,C,1800.0,0.25,-0.001858601351223399,0.00018729086388799044,False
Q1,扩散前因子,1.0,C,1800.0,0.5,-0.036532393939814334,0.00018729086388799044,False
Q1,扩散前因子,1.0,C,1800.0,0.75,-0.14889654541179187,0.00018729086388799044,False
Q1,扩散前因子,1.0,C,1800.0,1.0,0.32925880620726655,0.00018729086388799044,False
Q1,扩散前因子,1.0,T,100.0,0.0,5.329070518200751e-13,5.2142245658532636e-05,True
Q1,扩散前因子,1.0,T,100.0,0.25,0.0,5.2142245658532636e-05,True
Q1,扩散前因子,1.0,T,100.0,0.5,1.7763568394002505e-13,5.2142245658532636e-05,True
Q1,扩散前因子,1.0,T,100.0,0.75,-5.151434834260726e-12,5.2142245658532636e-05,True
Q1,扩散前因子,1.0,T,100.0,1.0,1.4566126083082054e-11,5.2142245658532636e-05,True
Q1,扩散前因子,1.0,T,300.0,0.0,1.0658141036401503e-12,0.00011003334791352223,True
Q1,扩散前因子,1.0,T,300.0,0.25,4.440892098500626e-12,0.00011003334791352223,True
Q1,扩散前因子,1.0,T,300.0,0.5,-9.947598300641403e-12,0.00011003334791352223,True
Q1,扩散前因子,1.0,T,300.0,0.75,2.220446049250313e-11,0.00011003334791352223,True
Q1,扩散前因子,1.0,T,300.0,1.0,-2.3803181647963356e-11,0.00011003334791352223,True
Q1,扩散前因子,1.0,T,600.0,0.0,2.1316282072803006e-12,0.0001577646268403216,True
Q1,扩散前因子,1.0,T,600.0,0.25,2.3092638912203256e-12,0.0001577646268403216,True
Q1,扩散前因子,1.0,T,600.0,0.5,1.5987211554602254e-12,0.0001577646268403216,True
Q1,扩散前因子,1.0,T,600.0,0.75,2.8421709430404007e-12,0.0001577646268403216,True
Q1,扩散前因子,1.0,T,600.0,1.0,3.552713678800501e-13,0.0001577646268403216,True
Q1,扩散前因子,1.0,T,900.0,0.0,2.3092638912203256e-12,0.0001886385813511693,True
Q1,扩散前因子,1.0,T,900.0,0.25,1.9539925233402755e-12,0.0001886385813511693,True
Q1,扩散前因子,1.0,T,900.0,0.5,1.2434497875801753e-12,0.0001886385813511693,True
Q1,扩散前因子,1.0,T,900.0,0.75,1.4210854715202004e-12,0.0001886385813511693,True
Q1,扩散前因子,1.0,T,900.0,1.0,1.0658141036401503e-12,0.0001886385813511693,True
Q1,扩散前因子,1.0,T,1200.0,0.0,-3.659295089164516e-11,0.00021194191036550368,True
Q1,扩散前因子,1.0,T,1200.0,0.25,-2.7355895326763857e-11,0.00021194191036550368,True
Q1,扩散前因子,1.0,T,1200.0,0.5,-2.1316282072803006e-12,0.00021194191036550368,True
Q1,扩散前因子,1.0,T,1200.0,0.75,1.8829382497642655e-11,0.00021194191036550368,True
Q1,扩散前因子,1.0,T,1200.0,1.0,2.0250467969162855e-11,0.00021194191036550368,True
Q1,扩散前因子,1.0,T,1500.0,0.0,-5.702105454474804e-11,0.0002156865399577695,True
Q1,扩散前因子,1.0,T,1500.0,0.25,-4.831690603168681e-11,0.0002156865399577695,True
Q1,扩散前因子,1.0,T,1500.0,0.5,-2.4158453015843406e-11,0.0002156865399577695,True
Q1,扩散前因子,1.0,T,1500.0,0.75,7.105427357601002e-12,0.0002156865399577695,True
Q1,扩散前因子,1.0,T,1500.0,1.0,1.5987211554602254e-11,0.0002156865399577695,True
Q1,扩散前因子,1.0,T,1800.0,0.0,-2.6645352591003757e-11,0.00020888113785839046,True
Q1,扩散前因子,1.0,T,1800.0,0.25,-2.0250467969162855e-11,0.00020888113785839046,True
Q1,扩散前因子,1.0,T,1800.0,0.5,-3.552713678800501e-12,0.00020888113785839046,True
Q1,扩散前因子,1.0,T,1800.0,0.75,1.1013412404281553e-11,0.00020888113785839046,True
Q1,扩散前因子,1.0,T,1800.0,1.0,1.2789769243681803e-11,0.00020888113785839046,True
Q1,含水率指数系数,1.0,C,100.0,0.0,0.0,0.0005813822920388188,False
Q1,含水率指数系数,1.0,C,100.0,0.25,0.0,0.0005813822920388188,False
Q1,含水率指数系数,1.0,C,100.0,0.5,0.0,0.0005813822920388188,False
Q1,含水率指数系数,1.0,C,100.0,0.75,1.8811709967536672e-07,0.0005813822920388188,False
Q1,含水率指数系数,1.0,C,100.0,1.0,-0.05149169413760646,0.0005813822920388188,False
Q1,含水率指数系数,1.0,C,300.0,0.0,4.440892098500626e-14,0.0004152759199402753,False
Q1,含水率指数系数,1.0,C,300.0,0.25,2.220446049250313e-14,0.0004152759199402753,False
Q1,含水率指数系数,1.0,C,300.0,0.5,5.886180431957655e-09,0.0004152759199402753,False
Q1,含水率指数系数,1.0,C,300.0,0.75,0.0012821641385052374,0.0004152759199402753,False
Q1,含水率指数系数,1.0,C,300.0,1.0,-0.08311561282214885,0.0004152759199402753,False
Q1,含水率指数系数,1.0,C,600.0,0.0,-2.220446049250313e-14,0.00031994844640209917,False
Q1,含水率指数系数,1.0,C,600.0,0.25,1.4219736499399005e-09,0.00031994844640209917,False
Q1,含水率指数系数,1.0,C,600.0,0.5,3.5344256810176944e-05,0.00031994844640209917,False
Q1,含水率指数系数,1.0,C,600.0,0.75,0.01257101092204671,0.00031994844640209917,False
Q1,含水率指数系数,1.0,C,600.0,1.0,-0.10970415376014842,0.00031994844640209917,False
Q1,含水率指数系数,1.0,C,900.0,0.0,4.3081094247554574e-10,0.0002680742746570987,False
Q1,含水率指数系数,1.0,C,900.0,0.25,9.328305017319849e-07,0.0002680742746570987,False
Q1,含水率指数系数,1.0,C,900.0,0.5,0.0006706304277015462,0.0002680742746570987,False
Q1,含水率指数系数,1.0,C,900.0,0.75,0.02743549351920116,0.0002680742746570987,False
Q1,含水率指数系数,1.0,C,900.0,1.0,-0.12740953693862744,0.0002680742746570987,False
Q1,含水率指数系数,1.0,C,1200.0,0.0,1.1536089861152732e-07,0.0002332535429045211,False
Q1,含水率指数系数,1.0,C,1200.0,0.25,2.4472209370074438e-05,0.0002332535429045211,False
Q1,含水率指数系数,1.0,C,1200.0,0.5,0.002968320357998877,0.0002332535429045211,False
Q1,含水率指数系数,1.0,C,1200.0,0.75,0.040889189672932424,0.0002332535429045211,False
Q1,含水率指数系数,1.0,C,1200.0,1.0,-0.1406488021975516,0.0002332535429045211,False
Q1,含水率指数系数,1.0,C,1500.0,0.0,3.2614911882333786e-06,0.00020746499815293867,False
Q1,含水率指数系数,1.0,C,1500.0,0.25,0.00017594908774398732,0.00020746499815293867,False
Q1,含水率指数系数,1.0,C,1500.0,0.5,0.007307010205748199,0.00020746499815293867,False
Q1,含水率指数系数,1.0,C,1500.0,0.75,0.05227186524290328,0.00020746499815293867,False
Q1,含水率指数系数,1.0,C,1500.0,1.0,-0.1511057746697353,0.00020746499815293867,False
Q1,含水率指数系数,1.0,C,1800.0,0.0,2.9976611282123145e-05,0.0001872785086630753,False
Q1,含水率指数系数,1.0,C,1800.0,0.25,0.0006603927878323645,0.0001872785086630753,False
Q1,含水率指数系数,1.0,C,1800.0,0.5,0.013394558601653728,0.0001872785086630753,False
Q1,含水率指数系数,1.0,C,1800.0,0.75,0.061887852645980956,0.0001872785086630753,False
Q1,含水率指数系数,1.0,C,1800.0,1.0,-0.15963574205589692,0.0001872785086630753,False
Q1,含水率指数系数,1.0,T,100.0,0.0,-5.329070518200751e-13,5.214224439109663e-05,True
Q1,含水率指数系数,1.0,T,100.0,0.25,0.0,5.214224439109663e-05,True
Q1,含水率指数系数,1.0,T,100.0,0.5,0.0,5.214224439109663e-05,True
Q1,含水率指数系数,1.0,T,100.0,0.75,1.7763568394002505e-12,5.214224439109663e-05,True
Q1,含水率指数系数,1.0,T,100.0,1.0,-5.329070518200751e-12,5.214224439109663e-05,True
Q1,含水率指数系数,1.0,T,300.0,0.0,0.0,0.00011003343784360452,True
Q1,含水率指数系数,1.0,T,300.0,0.25,-7.105427357601002e-13,0.00011003343784360452,True
Q1,含水率指数系数,1.0,T,300.0,0.5,-1.7763568394002505e-13,0.00011003343784360452,True
Q1,含水率指数系数,1.0,T,300.0,0.75,1.7763568394002505e-13,0.00011003343784360452,True
Q1,含水率指数系数,1.0,T,300.0,1.0,0.0,0.00011003343784360452,True
Q1,含水率指数系数,1.0,T,600.0,0.0,-1.5702994460298214e-10,0.00015776465940374254,True
Q1,含水率指数系数,1.0,T,600.0,0.25,-1.3713474800169934e-10,0.00015776465940374254,True
Q1,含水率指数系数,1.0,T,600.0,0.5,-8.402167850363185e-11,0.00015776465940374254,True
Q1,含水率指数系数,1.0,T,600.0,0.75,-2.8066438062523957e-11,0.00015776465940374254,True
Q1,含水率指数系数,1.0,T,600.0,1.0,-4.263256414560601e-12,0.00015776465940374254,True
Q1,含水率指数系数,1.0,T,900.0,0.0,-6.785683126508957e-11,0.00018864009542872204,True
Q1,含水率指数系数,1.0,T,900.0,0.25,-6.288303211476887e-11,0.00018864009542872204,True
Q1,含水率指数系数,1.0,T,900.0,0.5,-5.240252676230739e-11,0.00018864009542872204,True
Q1,含水率指数系数,1.0,T,900.0,0.75,-3.9612757518625585e-11,0.00018864009542872204,True
Q1,含水率指数系数,1.0,T,900.0,1.0,-2.8421709430404007e-11,0.00018864009542872204,True
Q1,含水率指数系数,1.0,T,1200.0,0.0,-4.4231285301066237e-11,0.00021194312555804302,True
Q1,含水率指数系数,1.0,T,1200.0,0.25,-4.476419235288631e-11,0.00021194312555804302,True
Q1,含水率指数系数,1.0,T,1200.0,0.5,-3.907985046680551e-11,0.00021194312555804302,True
Q1,含水率指数系数,1.0,T,1200.0,0.75,-3.126388037344441e-11,0.00021194312555804302,True
Q1,含水率指数系数,1.0,T,1200.0,1.0,-2.5579538487363607e-11,0.00021194312555804302,True
Q1,含水率指数系数,1.0,T,1500.0,0.0,-3.3217872896784684e-11,0.0002156866113638956,True
Q1,含水率指数系数,1.0,T,1500.0,0.25,-3.232969447708456e-11,0.0002156866113638956,True
Q1,含水率指数系数,1.0,T,1500.0,0.5,-2.984279490192421e-11,0.0002156866113638956,True
Q1,含水率指数系数,1.0,T,1500.0,0.75,-2.5934809855243657e-11,0.0002156866113638956,True
Q1,含水率指数系数,1.0,T,1500.0,1.0,-2.2026824808563106e-11,0.0002156866113638956,True
Q1,含水率指数系数,1.0,T,1800.0,0.0,-3.836930773104541e-11,0.0002088820132753407,True
Q1,含水率指数系数,1.0,T,1800.0,0.25,-3.232969447708456e-11,0.0002088820132753407,True
Q1,含水率指数系数,1.0,T,1800.0,0.5,-1.7053025658242404e-11,0.0002088820132753407,True
Q1,含水率指数系数,1.0,T,1800.0,0.75,-2.8421709430404007e-12,0.0002088820132753407,True
Q1,含水率指数系数,1.0,T,1800.0,1.0,1.4210854715202004e-12,0.0002088820132753407,True
Q1,对流换热系数,1.0,C,100.0,0.0,0.0,0.0005813770738471131,True
Q1,对流换热系数,1.0,C,100.0,0.25,0.0,0.0005813770738471131,True
Q1,对流换热系数,1.0,C,100.0,0.5,0.0,0.0005813770738471131,True
Q1,对流换热系数,1.0,C,100.0,0.75,8.881784197001252e-14,0.0005813770738471131,True
Q1,对流换热系数,1.0,C,100.0,1.0,-4.5718984154063946e-11,0.0005813770738471131,True
Q1,对流换热系数,1.0,C,300.0,0.0,0.0,0.0004152714653312011,True
Q1,对流换热系数,1.0,C,300.0,0.25,-2.220446049250313e-14,0.0004152714653312011,True
Q1,对流换热系数,1.0,C,300.0,0.5,4.440892098500626e-14,0.0004152714653312011,True
Q1,对流换热系数,1.0,C,300.0,0.75,6.439293542825908e-13,0.0004152714653312011,True
Q1,对流换热系数,1.0,C,300.0,1.0,-5.617728504603292e-12,0.0004152714653312011,True
Q1,对流换热系数,1.0,C,600.0,0.0,-4.440892098500626e-14,0.00031994541236407304,True
Q1,对流换热系数,1.0,C,600.0,0.25,2.220446049250313e-14,0.00031994541236407304,True
Q1,对流换热系数,1.0,C,600.0,0.5,-1.1102230246251565e-13,0.00031994541236407304,True
Q1,对流换热系数,1.0,C,600.0,0.75,-5.839773109528323e-12,0.00031994541236407304,True
Q1,对流换热系数,1.0,C,600.0,1.0,1.5987211554602254e-11,0.00031994541236407304,True
Q1,对流换热系数,1.0,C,900.0,0.0,2.220446049250313e-14,0.0002680720067432392,True
Q1,对流换热系数,1.0,C,900.0,0.25,2.220446049250313e-14,0.0002680720067432392,True
Q1,对流换热系数,1.0,C,900.0,0.5,0.0,0.0002680720067432392,True
Q1,对流换热系数,1.0,C,900.0,0.75,1.3322676295501878e-13,0.0002680720067432392,True
Q1,对流换热系数,1.0,C,900.0,1.0,-1.3322676295501878e-13,0.0002680720067432392,True
Q1,对流换热系数,1.0,C,1200.0,0.0,2.220446049250313e-14,0.00023325193555020628,True
Q1,对流换热系数,1.0,C,1200.0,0.25,-4.440892098500626e-14,0.00023325193555020628,True
Q1,对流换热系数,1.0,C,1200.0,0.5,-6.217248937900877e-13,0.00023325193555020628,True
Q1,对流换热系数,1.0,C,1200.0,0.75,-1.0436096431476471e-12,0.00023325193555020628,True
Q1,对流换热系数,1.0,C,1200.0,1.0,4.352074256530614e-12,0.00023325193555020628,True
Q1,对流换热系数,1.0,C,1500.0,0.0,0.0,0.00020746379131391567,True
Q1,对流换热系数,1.0,C,1500.0,0.25,-8.881784197001252e-14,0.00020746379131391567,True
Q1,对流换热系数,1.0,C,1500.0,0.5,-1.6431300764452317e-12,0.00020746379131391567,True
Q1,对流换热系数,1.0,C,1500.0,0.75,-7.327471962526033e-13,0.00020746379131391567,True
Q1,对流换热系数,1.0,C,1500.0,1.0,6.6280314570121845e-12,0.00020746379131391567,True
Q1,对流换热系数,1.0,C,1800.0,0.0,-6.661338147750939e-14,0.0001872777309438901,True
Q1,对流换热系数,1.0,C,1800.0,0.25,-6.661338147750939e-14,0.0001872777309438901,True
Q1,对流换热系数,1.0,C,1800.0,0.5,-5.329070518200751e-13,0.0001872777309438901,True
Q1,对流换热系数,1.0,C,1800.0,0.75,-6.661338147750939e-14,0.0001872777309438901,True
Q1,对流换热系数,1.0,C,1800.0,1.0,1.84297022087776e-12,0.0001872777309438901,True
Q1,对流换热系数,1.0,T,100.0,0.0,4.8684078635119477e-05,5.21411306488124e-05,False
Q1,对流换热系数,1.0,T,100.0,0.25,0.0003129447245342476,5.21411306488124e-05,False
Q1,对流换热系数,1.0,T,100.0,0.5,0.0035691934508363943,5.21411306488124e-05,False
Q1,对流换热系数,1.0,T,100.0,0.75,0.028095350405799024,5.21411306488124e-05,False
Q1,对流换热系数,1.0,T,100.0,1.0,0.1496580080850407,5.21411306488124e-05,False
Q1,对流换热系数,1.0,T,300.0,0.0,0.0330436702817849,0.00011003167383750105,False
Q1,对流换热系数,1.0,T,300.0,0.25,0.05060542154637915,0.00011003167383750105,False
Q1,对流换热系数,1.0,T,300.0,0.5,0.11697202921485683,0.00011003167383750105,False
Q1,对流换热系数,1.0,T,300.0,0.75,0.2743995709195701,0.00011003167383750105,False
Q1,对流换热系数,1.0,T,300.0,1.0,0.6114707192438118,0.00011003167383750105,False
Q1,对流换热系数,1.0,T,600.0,0.0,0.32069942958248276,0.00015776050495050205,False
Q1,对流换热系数,1.0,T,600.0,0.25,0.37395659286492133,0.00015776050495050205,False
Q1,对流换热系数,1.0,T,600.0,0.5,0.5427985320379136,0.00015776050495050205,False
Q1,对流换热系数,1.0,T,600.0,0.75,0.8531917297290192,0.00015776050495050205,False
Q1,对流换热系数,1.0,T,600.0,1.0,1.341565296752556,0.00015776050495050205,False
Q1,对流换热系数,1.0,T,900.0,0.0,0.8376345873884361,0.00018863592990106813,False
Q1,对流换热系数,1.0,T,900.0,0.25,0.9111627888824358,0.00018863592990106813,False
Q1,对流换热系数,1.0,T,900.0,0.5,1.1353757371560746,0.00018863592990106813,False
Q1,对流换热系数,1.0,T,900.0,0.75,1.5162359203602094,0.00018863592990106813,False
Q1,对流换热系数,1.0,T,900.0,1.0,2.0503060523957117,0.00018863592990106813,False
Q1,对流换热系数,1.0,T,1200.0,0.0,1.451487720431821,0.00021193922950338618,False
Q1,对流换热系数,1.0,T,1200.0,0.25,1.5285413992767616,0.00021193922950338618,False
Q1,对流换热系数,1.0,T,1200.0,0.5,1.7605711957545012,0.00021193922950338618,False
Q1,对流换热系数,1.0,T,1200.0,0.75,2.1482588191574337,0.00021193922950338618,False
Q1,对流换热系数,1.0,T,1200.0,1.0,2.687933526417652,0.00021193922950338618,False
Q1,对流换热系数,1.0,T,1500.0,0.0,2.0705691890379185,0.00021568299935694426,False
Q1,对流换热系数,1.0,T,1500.0,0.25,2.144825357262903,0.00021568299935694426,False
Q1,对流换热系数,1.0,T,1500.0,0.5,2.364767455998873,0.00021568299935694426,False
Q1,对流换热系数,1.0,T,1500.0,0.75,2.7172200159412796,0.00021568299935694426,False
Q1,对流换热系数,1.0,T,1500.0,1.0,3.1586316439309314,0.00021568299935694426,False
Q1,对流换热系数,1.0,T,1800.0,0.0,2.6217990507774402,0.00020887968116552012,False
Q1,对流换热系数,1.0,T,1800.0,0.25,2.68171386635494,0.00020887968116552012,False
Q1,对流换热系数,1.0,T,1800.0,0.5,2.8575289864686937,0.00020887968116552012,False
Q1,对流换热系数,1.0,T,1800.0,0.75,3.140961004309162,0.00020887968116552012,False
Q1,对流换热系数,1.0,T,1800.0,1.0,3.5202392601682675,0.00020887968116552012,False
Q1,对流传质系数,1.0,C,100.0,0.0,0.0,0.0005813665905661989,False
Q1,对流传质系数,1.0,C,100.0,0.25,0.0,0.0005813665905661989,False
Q1,对流传质系数,1.0,C,100.0,0.5,0.0,0.0005813665905661989,False
Q1,对流传质系数,1.0,C,100.0,0.75,-3.968341211191273e-08,0.0005813665905661989,False
Q1,对流传质系数,1.0,C,100.0,1.0,-0.27761659241027914,0.0005813665905661989,False
Q1,对流传质系数,1.0,C,300.0,0.0,0.0,0.00041526155917741796,False
Q1,对流传质系数,1.0,C,300.0,0.25,0.0,0.00041526155917741796,False
Q1,对流传质系数,1.0,C,300.0,0.5,-9.189093930217496e-10,0.00041526155917741796,False
Q1,对流传质系数,1.0,C,300.0,0.75,-0.0007272415414316669,0.00041526155917741796,False
Q1,对流传质系数,1.0,C,300.0,1.0,-0.42907629884119114,0.00041526155917741796,False
Q1,对流传质系数,1.0,C,600.0,0.0,0.0,0.0003199354663187191,False
Q1,对流传质系数,1.0,C,600.0,0.25,-1.9384494009955233e-10,0.0003199354663187191,False
Q1,对流传质系数,1.0,C,600.0,0.5,-1.0247463677615087e-05,0.0003199354663187191,False
Q1,对流传质系数,1.0,C,600.0,0.75,-0.01247802565167433,0.0003199354663187191,False
Q1,对流传质系数,1.0,C,600.0,1.0,-0.5433280682232255,0.0003199354663187191,False
Q1,对流传质系数,1.0,C,900.0,0.0,-5.020428517354958e-11,0.00026806279623588084,False
Q1,对流传质系数,1.0,C,900.0,0.25,-1.8206509633245105e-07,0.00026806279623588084,False
Q1,对流传质系数,1.0,C,900.0,0.5,-0.00027208701360859067,0.00026806279623588084,False
Q1,对流传质系数,1.0,C,900.0,0.75,-0.0363945904258145,0.00026806279623588084,False
Q1,对流传质系数,1.0,C,900.0,1.0,-0.6117331972744555,0.00026806279623588084,False
Q1,对流传质系数,1.0,C,1200.0,0.0,-1.7451329270556926e-08,0.00023324321690958806,False
Q1,对流传质系数,1.0,C,1200.0,0.25,-6.0842749949330255e-06,0.00023324321690958806,False
Q1,对流传质系数,1.0,C,1200.0,0.5,-0.0015026739470069828,0.00023324321690958806,False
Q1,对流传质系数,1.0,C,1200.0,0.75,-0.06513946854607156,0.00023324321690958806,False
Q1,对流传质系数,1.0,C,1200.0,1.0,-0.6582377499938841,0.00023324321690958806,False
Q1,对流传质系数,1.0,C,1500.0,0.0,-6.001376284814341e-07,0.0002074559221811858,False
Q1,对流传质系数,1.0,C,1500.0,0.25,-5.228876145402239e-05,0.0002074559221811858,False
Q1,对流传质系数,1.0,C,1500.0,0.5,-0.0043368515219022186,0.0002074559221811858,False
Q1,对流传质系数,1.0,C,1500.0,0.75,-0.09445561291663296,0.0002074559221811858,False
Q1,对流传质系数,1.0,C,1500.0,1.0,-0.6917354748821491,0.0002074559221811858,False
Q1,对流传质系数,1.0,C,1800.0,0.0,-6.442269118167587e-06,0.00018727041711571644,False
Q1,对流传质系数,1.0,C,1800.0,0.25,-0.00022536495989378125,0.00018727041711571644,False
Q1,对流传质系数,1.0,C,1800.0,0.5,-0.00896386314634956,0.00018727041711571644,False
Q1,对流传质系数,1.0,C,1800.0,0.75,-0.12244845375928293,0.00018727041711571644,False
Q1,对流传质系数,1.0,C,1800.0,1.0,-0.7166258169251205,0.00018727041711571644,False
Q1,对流传质系数,1.0,T,100.0,0.0,5.329070518200751e-13,5.214224914622471e-05,True
Q1,对流传质系数,1.0,T,100.0,0.25,-1.4210854715202004e-12,5.214224914622471e-05,True
Q1,对流传质系数,1.0,T,100.0,0.5,-8.881784197001252e-13,5.214224914622471e-05,True
Q1,对流传质系数,1.0,T,100.0,0.75,1.9895196601282805e-11,5.214224914622471e-05,True
Q1,对流传质系数,1.0,T,100.0,1.0,-5.169198402654729e-11,5.214224914622471e-05,True
Q1,对流传质系数,1.0,T,300.0,0.0,-2.6645352591003757e-12,0.00011003336943630564,True
Q1,对流传质系数,1.0,T,300.0,0.25,7.105427357601002e-13,0.00011003336943630564,True
Q1,对流传质系数,1.0,T,300.0,0.5,-1.2434497875801753e-11,0.00011003336943630564,True
Q1,对流传质系数,1.0,T,300.0,0.75,1.616484723854228e-11,0.00011003336943630564,True
Q1,对流传质系数,1.0,T,300.0,1.0,-2.3092638912203256e-11,0.00011003336943630564,True
Q1,对流传质系数,1.0,T,600.0,0.0,-6.217248937900877e-12,0.0001577647162525954,True
Q1,对流传质系数,1.0,T,600.0,0.25,-9.947598300641403e-12,0.0001577647162525954,True
Q1,对流传质系数,1.0,T,600.0,0.5,-5.6843418860808015e-12,0.0001577647162525954,True
Q1,对流传质系数,1.0,T,600.0,0.75,-7.638334409421077e-12,0.0001577647162525954,True
Q1,对流传质系数,1.0,T,600.0,1.0,-4.440892098500626e-12,0.0001577647162525954,True
Q1,对流传质系数,1.0,T,900.0,0.0,-1.071143174158351e-10,0.00018864009655976497,True
Q1,对流传质系数,1.0,T,900.0,0.25,-9.663381206337363e-11,0.00018864009655976497,True
Q1,对流传质系数,1.0,T,900.0,0.5,-6.945555242054979e-11,0.00018864009655976497,True
Q1,对流传质系数,1.0,T,900.0,0.75,-4.121147867408581e-11,0.00018864009655976497,True
Q1,对流传质系数,1.0,T,900.0,1.0,-2.4513724383723456e-11,0.00018864009655976497,True
Q1,对流传质系数,1.0,T,1200.0,0.0,2.8421709430404007e-12,0.0002119430381122084,True
Q1,对流传质系数,1.0,T,1200.0,0.25,6.217248937900877e-12,0.0002119430381122084,True
Q1,对流传质系数,1.0,T,1200.0,0.5,-8.881784197001252e-12,0.0002119430381122084,True
Q1,对流传质系数,1.0,T,1200.0,0.75,-4.760636329592671e-11,0.0002119430381122084,True
Q1,对流传质系数,1.0,T,1200.0,1.0,-4.867217739956686e-11,0.0002119430381122084,True
Q1,对流传质系数,1.0,T,1500.0,0.0,3.552713678800501e-11,0.00021568657989540693,True
Q1,对流传质系数,1.0,T,1500.0,0.25,2.7355895326763857e-11,0.00021568657989540693,True
Q1,对流传质系数,1.0,T,1500.0,0.5,7.105427357601002e-12,0.00021568657989540693,True
Q1,对流传质系数,1.0,T,1500.0,0.75,-2.3092638912203256e-11,0.00021568657989540693,True
Q1,对流传质系数,1.0,T,1500.0,1.0,-2.6645352591003757e-11,0.00021568657989540693,True
Q1,对流传质系数,1.0,T,1800.0,0.0,3.375077994860476e-11,0.00020888222583846175,True
Q1,对流传质系数,1.0,T,1800.0,0.25,3.659295089164516e-11,0.00020888222583846175,True
Q1,对流传质系数,1.0,T,1800.0,0.5,4.263256414560601e-11,0.00020888222583846175,True
Q1,对流传质系数,1.0,T,1800.0,0.75,4.263256414560601e-11,0.00020888222583846175,True
Q1,对流传质系数,1.0,T,1800.0,1.0,3.623767952376511e-11,0.00020888222583846175,True
Q1,导热系数,1.0,C,100.0,0.0,0.0,0.0005813770386194196,True
Q1,导热系数,1.0,C,100.0,0.25,0.0,0.0005813770386194196,True
Q1,导热系数,1.0,C,100.0,0.5,0.0,0.0005813770386194196,True
Q1,导热系数,1.0,C,100.0,0.75,-2.220446049250313e-14,0.0005813770386194196,True
Q1,导热系数,1.0,C,100.0,1.0,1.0658141036401503e-11,0.0005813770386194196,True
Q1,导热系数,1.0,C,300.0,0.0,2.220446049250313e-14,0.00041527146096246307,True
Q1,导热系数,1.0,C,300.0,0.25,-2.220446049250313e-14,0.00041527146096246307,True
Q1,导热系数,1.0,C,300.0,0.5,2.220446049250313e-14,0.00041527146096246307,True
Q1,导热系数,1.0,C,300.0,0.75,-2.886579864025407e-13,0.00041527146096246307,True
Q1,导热系数,1.0,C,300.0,1.0,2.0872192862952943e-12,0.00041527146096246307,True
Q1,导热系数,1.0,C,600.0,0.0,0.0,0.0003199454168661272,True
Q1,导热系数,1.0,C,600.0,0.25,2.220446049250313e-14,0.0003199454168661272,True
Q1,导热系数,1.0,C,600.0,0.5,2.220446049250313e-14,0.0003199454168661272,True
Q1,导热系数,1.0,C,600.0,0.75,6.5281113847959205e-12,0.0003199454168661272,True
Q1,导热系数,1.0,C,600.0,1.0,-1.80855330711438e-11,0.0003199454168661272,True
Q1,导热系数,1.0,C,900.0,0.0,4.440892098500626e-14,0.00026807199487466414,True
Q1,导热系数,1.0,C,900.0,0.25,-4.440892098500626e-14,0.00026807199487466414,True
Q1,导热系数,1.0,C,900.0,0.5,7.993605777301127e-13,0.00026807199487466414,True
Q1,导热系数,1.0,C,900.0,0.75,6.261657858885883e-12,0.00026807199487466414,True
Q1,导热系数,1.0,C,900.0,1.0,-1.77191594730175e-11,0.00026807199487466414,True
Q1,导热系数,1.0,C,1200.0,0.0,4.440892098500626e-14,0.00023325193191825122,True
Q1,导热系数,1.0,C,1200.0,0.25,-6.661338147750939e-14,0.00023325193191825122,True
Q1,导热系数,1.0,C,1200.0,0.5,1.9761969838327786e-12,0.00023325193191825122,True
Q1,导热系数,1.0,C,1200.0,0.75,3.774758283725532e-12,0.00023325193191825122,True
Q1,导热系数,1.0,C,1200.0,1.0,-1.5365486660812167e-11,0.00023325193191825122,True
Q1,导热系数,1.0,C,1500.0,0.0,0.0,0.00020746379238060835,True
Q1,导热系数,1.0,C,1500.0,0.25,8.881784197001252e-14,0.00020746379238060835,True
Q1,导热系数,1.0,C,1500.0,0.5,2.4202861936828413e-12,0.00020746379238060835,True
Q1,导热系数,1.0,C,1500.0,0.75,1.2878587085651816e-12,0.00020746379238060835,True
Q1,导热系数,1.0,C,1500.0,1.0,-1.0658141036401503e-11,0.00020746379238060835,True
Q1,导热系数,1.0,C,1800.0,0.0,6.661338147750939e-14,0.00018727773298990737,True
Q1,导热系数,1.0,C,1800.0,0.25,2.6645352591003757e-13,0.00018727773298990737,True
Q1,导热系数,1.0,C,1800.0,0.5,2.375877272697835e-12,0.00018727773298990737,True
Q1,导热系数,1.0,C,1800.0,0.75,-6.661338147750939e-14,0.00018727773298990737,True
Q1,导热系数,1.0,C,1800.0,1.0,-7.93809462606987e-12,0.00018727773298990737,True
Q1,导热系数,1.0,T,100.0,0.0,0.0003502322361015331,5.2147307193768043e-05,False
Q1,导热系数,1.0,T,100.0,0.25,0.001483693541004527,5.2147307193768043e-05,False
Q1,导热系数,1.0,T,100.0,0.5,0.008666264469781026,5.2147307193768043e-05,False
Q1,导热系数,1.0,T,100.0,0.75,0.02071939023409186,5.2147307193768043e-05,False
Q1,导热系数,1.0,T,100.0,1.0,-0.06894381837287966,5.2147307193768043e-05,False
Q1,导热系数,1.0,T,300.0,0.0,0.0971836044726615,0.00011003918938540813,False
Q1,导热系数,1.0,T,300.0,0.25,0.11256712455143258,0.00011003918938540813,False
Q1,导热系数,1.0,T,300.0,0.5,0.1343145842804816,0.00011003918938540813,False
Q1,导热系数,1.0,T,300.0,0.75,0.0779544715298286,0.00011003918938540813,False
Q1,导热系数,1.0,T,300.0,1.0,-0.255686278170586,0.00011003918938540813,False
Q1,导热系数,1.0,T,600.0,0.0,0.5599319877944708,0.00015777026549229745,False
Q1,导热系数,1.0,T,600.0,0.25,0.5413827503998547,0.00015777026549229745,False
Q1,导热系数,1.0,T,600.0,0.5,0.44772306733520395,0.00015777026549229745,False
Q1,导热系数,1.0,T,600.0,0.75,0.16866542272975238,0.00015777026549229745,False
Q1,导热系数,1.0,T,600.0,1.0,-0.47200874349559996,0.00015777026549229745,False
Q1,导热系数,1.0,T,900.0,0.0,1.113750692380222,0.00018864747997633565,False
Q1,导热系数,1.0,T,900.0,0.25,1.0463808192056945,0.00018864747997633565,False
Q1,导热系数,1.0,T,900.0,0.5,0.8083797019953209,0.00018864747997633565,False
Q1,导热系数,1.0,T,900.0,0.75,0.30368300219780764,0.00018864747997633565,False
Q1,导热系数,1.0,T,900.0,1.0,-0.5844639138128827,0.00018864747997633565,False
Q1,导热系数,1.0,T,1200.0,0.0,1.6098304960555865,0.0002119540384128366,False
Q1,导热系数,1.0,T,1200.0,0.25,1.4994717044059414,0.0002119540384128366,False
Q1,导热系数,1.0,T,1200.0,0.5,1.144376108790368,0.0002119540384128366,False
Q1,导热系数,1.0,T,1200.0,0.75,0.4742676795387979,0.0002119540384128366,False
Q1,导热系数,1.0,T,1200.0,1.0,-0.6124985922216553,0.0002119540384128366,False
Q1,导热系数,1.0,T,1500.0,0.0,2.039941229807063,0.00021569940217375623,False
Q1,导热系数,1.0,T,1500.0,0.25,1.8960967665513806,0.00021569940217375623,False
Q1,导热系数,1.0,T,1500.0,0.5,1.445807686820899,0.00021569940217375623,False
Q1,导热系数,1.0,T,1500.0,0.75,0.6401461520518126,0.00021569940217375623,False
Q1,导热系数,1.0,T,1500.0,1.0,-0.5503287907153265,0.00021569940217375623,False
Q1,导热系数,1.0,T,1800.0,0.0,2.3379709545867655,0.00020889692918268747,False
Q1,导热系数,1.0,T,1800.0,0.25,2.169752948290693,0.00020889692918268747,False
Q1,导热系数,1.0,T,1800.0,0.5,1.6623893547535573,0.00020889692918268747,False
Q1,导热系数,1.0,T,1800.0,0.75,0.7993567980893346,0.00020889692918268747,False
Q1,导热系数,1.0,T,1800.0,1.0,-0.4645921618571691,0.00020889692918268747,False
Q1,体积热容量,1.0,C,100.0,0.0,0.0,0.0005813770510056422,True
Q1,体积热容量,1.0,C,100.0,0.25,0.0,0.0005813770510056422,True
Q1,体积热容量,1.0,C,100.0,0.5,0.0,0.0005813770510056422,True
Q1,体积热容量,1.0,C,100.0,0.75,-4.440892098500626e-14,0.0005813770510056422,True
Q1,体积热容量,1.0,C,100.0,1.0,3.077538224260934e-11,0.0005813770510056422,True
Q1,体积热容量,1.0,C,300.0,0.0,0.0,0.0004152714599256562,True
Q1,体积热容量,1.0,C,300.0,0.25,2.220446049250313e-14,0.0004152714599256562,True
Q1,体积热容量,1.0,C,300.0,0.5,0.0,0.0004152714599256562,True
Q1,体积热容量,1.0,C,300.0,0.75,-4.440892098500626e-13,0.0004152714599256562,True
Q1,体积热容量,1.0,C,300.0,1.0,4.019007349143067e-12,0.0004152714599256562,True
Q1,体积热容量,1.0,C,600.0,0.0,0.0,0.0003199454230669647,True
Q1,体积热容量,1.0,C,600.0,0.25,2.220446049250313e-14,0.0003199454230669647,True
Q1,体积热容量,1.0,C,600.0,0.5,-4.440892098500626e-14,0.0003199454230669647,True
Q1,体积热容量,1.0,C,600.0,0.75,-7.105427357601002e-13,0.0003199454230669647,True
Q1,体积热容量,1.0,C,600.0,1.0,2.0872192862952943e-12,0.0003199454230669647,True
Q1,体积热容量,1.0,C,900.0,0.0,4.440892098500626e-14,0.0002680720054206236,True
Q1,体积热容量,1.0,C,900.0,0.25,6.661338147750939e-14,0.0002680720054206236,True
Q1,体积热容量,1.0,C,900.0,0.5,-1.021405182655144e-12,0.0002680720054206236,True
Q1,体积热容量,1.0,C,900.0,0.75,-7.59392548843607e-12,0.0002680720054206236,True
Q1,体积热容量,1.0,C,900.0,1.0,2.1316282072803006e-11,0.0002680720054206236,True
Q1,体积热容量,1.0,C,1200.0,0.0,0.0,0.00023325193588799242,True
Q1,体积热容量,1.0,C,1200.0,0.25,0.0,0.00023325193588799242,True
Q1,体积热容量,1.0,C,1200.0,0.5,-8.215650382226158e-13,0.00023325193588799242,True
Q1,体积热容量,1.0,C,1200.0,0.75,-1.6209256159527285e-12,0.00023325193588799242,True
Q1,体积热容量,1.0,C,1200.0,1.0,5.928590951498336e-12,0.00023325193588799242,True
Q1,体积热容量,1.0,C,1500.0,0.0,4.440892098500626e-14,0.0002074637941322621,True
Q1,体积热容量,1.0,C,1500.0,0.25,8.881784197001252e-14,0.0002074637941322621,True
Q1,体积热容量,1.0,C,1500.0,0.5,5.995204332975845e-13,0.0002074637941322621,True
Q1,体积热容量,1.0,C,1500.0,0.75,2.220446049250313e-14,0.0002074637941322621,True
Q1,体积热容量,1.0,C,1500.0,1.0,-2.4868995751603507e-12,0.0002074637941322621,True
Q1,体积热容量,1.0,C,1800.0,0.0,0.0,0.00018727773115418067,True
Q1,体积热容量,1.0,C,1800.0,0.25,1.1102230246251565e-13,0.00018727773115418067,True
Q1,体积热容量,1.0,C,1800.0,0.5,5.329070518200751e-13,0.00018727773115418067,True
Q1,体积热容量,1.0,C,1800.0,0.75,-1.3322676295501878e-13,0.00018727773115418067,True
Q1,体积热容量,1.0,C,1800.0,1.0,-1.9984014443252818e-12,0.00018727773115418067,True
Q1,体积热容量,1.0,T,100.0,0.0,-0.000399253627847429,5.214180002301004e-05,False
Q1,体积热容量,1.0,T,100.0,0.25,-0.0017975935971747958,5.214180002301004e-05,False
Q1,体积热容量,1.0,T,100.0,0.5,-0.012238479939341573,5.214180002301004e-05,False
Q1,体积热容量,1.0,T,100.0,0.75,-0.04881856466436574,5.214180002301004e-05,False
Q1,体积热容量,1.0,T,100.0,1.0,-0.08072179078553177,5.214180002301004e-05,False
Q1,体积热容量,1.0,T,300.0,0.0,-0.13025968617554895,0.00011003379042140673,False
Q1,体积热容量,1.0,T,300.0,0.25,-0.16320314517468404,0.00011003379042140673,False
Q1,体积热容量,1.0,T,300.0,0.5,-0.25131027066525036,0.00011003379042140673,False
Q1,体积热容量,1.0,T,300.0,0.75,-0.3523691451233546,0.00011003379042140673,False
Q1,体积热容量,1.0,T,300.0,1.0,-0.3558105223875785,0.00011003379042140673,False
Q1,体积热容量,1.0,T,600.0,0.0,-0.8807171009030057,0.00015776007365326302,False
Q1,体积热容量,1.0,T,600.0,0.25,-0.9154153908848883,0.00015776007365326302,False
Q1,体积热容量,1.0,T,600.0,0.5,-0.9905751055107714,0.00015776007365326302,False
Q1,体积热容量,1.0,T,600.0,0.75,-1.0218924835895038,0.00015776007365326302,False
Q1,体积热容量,1.0,T,600.0,1.0,-0.8696060733289102,0.00015776007365326302,False
Q1,体积热容量,1.0,T,900.0,0.0,-1.9514773226111615,0.00018863392355558125,False
Q1,体积热容量,1.0,T,900.0,0.25,-1.9576257720670398,0.00018863392355558125,False
Q1,体积热容量,1.0,T,900.0,0.5,-1.9438148429799185,0.00018863392355558125,False
Q1,体积热容量,1.0,T,900.0,0.75,-1.8199627927984352,0.00018863392355558125,False
Q1,体积热容量,1.0,T,900.0,1.0,-1.4659033458402249,0.00018863392355558125,False
Q1,体积热容量,1.0,T,1200.0,0.0,-3.061371361287968,0.0002119369110475473,False
Q1,体积热容量,1.0,T,1200.0,0.25,-3.0280603014707808,0.0002119369110475473,False
Q1,体积热容量,1.0,T,1200.0,0.5,-2.9049812956150944,0.0002119369110475473,False
Q1,体积热容量,1.0,T,1200.0,0.75,-2.622554887082984,0.0002119369110475473,False
Q1,体积热容量,1.0,T,1200.0,1.0,-2.0754875620298208,0.0002119369110475473,False
Q1,体积热容量,1.0,T,1500.0,0.0,-4.110500812889661,0.00021568026717459077,False
Q1,体积热容量,1.0,T,1500.0,0.25,-4.040909226389289,0.00021568026717459077,False
Q1,体积热容量,1.0,T,1500.0,0.5,-3.810556755434291,0.00021568026717459077,False
Q1,体积热容量,1.0,T,1500.0,0.75,-3.357353254449791,0.00021568026717459077,False
Q1,体积热容量,1.0,T,1500.0,1.0,-2.608322196444135,0.00021568026717459077,False
Q1,体积热容量,1.0,T,1800.0,0.0,-4.959665206225239,0.0002088761673315261,False
Q1,体积热容量,1.0,T,1800.0,0.25,-4.851364283265269,0.0002088761673315261,False
Q1,体积热容量,1.0,T,1800.0,0.5,-4.519824963607633,0.0002088761673315261,False
Q1,体积热容量,1.0,T,1800.0,0.75,-3.9402456416311793,0.0002088761673315261,False
Q1,体积热容量,1.0,T,1800.0,1.0,-3.0556193928209296,0.0002088761673315261,False
Q1,初始含水率,1.0,C,100.0,0.0,2.550000000000008,0.0005813820634706897,False
Q1,初始含水率,1.0,C,100.0,0.25,2.550000000000008,0.0005813820634706897,False
Q1,初始含水率,1.0,C,100.0,0.5,2.550000000000008,0.0005813820634706897,False
Q1,初始含水率,1.0,C,100.0,0.75,2.549999770448075,0.0005813820634706897,False
Q1,初始含水率,1.0,C,100.0,1.0,2.2960960133425523,0.0005813820634706897,False
Q1,初始含水率,1.0,C,300.0,0.0,2.5499999999999856,0.00041527569453161614,False
Q1,初始含水率,1.0,C,300.0,0.25,2.55000000000003,0.00041527569453161614,False
Q1,初始含水率,1.0,C,300.0,0.5,2.5499999931363426,0.00041527569453161614,False
Q1,初始含水率,1.0,C,300.0,0.75,2.5479116240457955,0.00041527569453161614,False
Q1,初始含水率,1.0,C,300.0,1.0,2.129663492774947,0.00041527569453161614,False
Q1,初始含水率,1.0,C,600.0,0.0,2.55000000000003,0.00031994826727680336,False
Q1,初始含水率,1.0,C,600.0,0.25,2.5499999983679578,0.00031994826727680336,False
Q1,初始含水率,1.0,C,600.0,0.5,2.5499531901349792,0.00031994826727680336,False
Q1,初始含水率,1.0,C,600.0,0.75,2.5225903688651075,0.00031994826727680336,False
Q1,初始含水率,1.0,C,600.0,1.0,1.9803691575649207,0.00031994826727680336,False
Q1,初始含水率,1.0,C,900.0,0.0,2.549999999514352,0.00026807409634222834,False
Q1,初始含水率,1.0,C,900.0,0.25,2.5499988627371906,0.00026807409634222834,False
Q1,初始含水率,1.0,C,900.0,0.5,2.549010896412751,0.00026807409634222834,False
Q1,初始含水率,1.0,C,900.0,0.75,2.476743125482783,0.00026807409634222834,False
Q1,初始含水率,1.0,C,900.0,1.0,1.8740675504724136,0.00026807409634222834,False
Q1,初始含水率,1.0,C,1200.0,0.0,2.549999864984054,0.00023325338812283698,False
Q1,初始含水率,1.0,C,1200.0,0.25,2.549968466643082,0.00023325338812283698,False
Q1,初始含水率,1.0,C,1200.0,0.5,2.5451980750083036,0.00023325338812283698,False
Q1,初始含水率,1.0,C,1200.0,0.75,2.422971299025156,0.00023325338812283698,False
Q1,初始含水率,1.0,C,1200.0,1.0,1.789490096201729,0.00023325338812283698,False
Q1,初始含水率,1.0,C,1500.0,0.0,2.5499960441726977,0.0002074648514761865,False
Q1,初始含水率,1.0,C,1500.0,0.25,2.5497614274965663,0.0002074648514761865,False
Q1,初始含水率,1.0,C,1500.0,0.5,2.5371913703356563,0.0002074648514761865,False
Q1,初始含水率,1.0,C,1500.0,0.75,2.3672280910170374,0.0002074648514761865,False
Q1,初始含水率,1.0,C,1500.0,1.0,1.7184944316694595,0.0002074648514761865,False
Q1,初始含水率,1.0,C,1800.0,0.0,2.549962373445358,0.00018727838543333236,False
Q1,初始含水率,1.0,C,1800.0,0.25,2.5490614205812,0.00018727838543333236,False
Q1,初始含水率,1.0,C,1800.0,0.5,2.5248109733987834,0.00018727838543333236,False
Q1,初始含水率,1.0,C,1800.0,0.75,2.312030306861823,0.00018727838543333236,False
Q1,初始含水率,1.0,C,1800.0,1.0,1.6569542566709838,0.00018727838543333236,False
Q1,初始含水率,1.0,T,100.0,0.0,0.0,5.214224338281659e-05,True
Q1,初始含水率,1.0,T,100.0,0.25,1.7763568394002505e-13,5.214224338281659e-05,True
Q1,初始含水率,1.0,T,100.0,0.5,0.0,5.214224338281659e-05,True
Q1,初始含水率,1.0,T,100.0,0.75,-1.5987211554602254e-12,5.214224338281659e-05,True
Q1,初始含水率,1.0,T,100.0,1.0,3.730349362740526e-12,5.214224338281659e-05,True
Q1,初始含水率,1.0,T,300.0,0.0,7.105427357601002e-13,0.00011003334582095267,True
Q1,初始含水率,1.0,T,300.0,0.25,-3.197442310920451e-12,0.00011003334582095267,True
Q1,初始含水率,1.0,T,300.0,0.5,1.1013412404281553e-11,0.00011003334582095267,True
Q1,初始含水率,1.0,T,300.0,0.75,-2.007283228522283e-11,0.00011003334582095267,True
Q1,初始含水率,1.0,T,300.0,1.0,2.2737367544323206e-11,0.00011003334582095267,True
Q1,初始含水率,1.0,T,600.0,0.0,2.6503244043851737e-10,0.00015776491290058986,True
Q1,初始含水率,1.0,T,600.0,0.25,2.405187160547939e-10,0.00015776491290058986,True
Q1,初始含水率,1.0,T,600.0,0.5,1.7390533457728452e-10,0.00015776491290058986,True
Q1,初始含水率,1.0,T,600.0,0.75,9.841016890277388e-11,0.00015776491290058986,True
Q1,初始含水率,1.0,T,600.0,1.0,5.5067062021407764e-11,0.00015776491290058986,True
Q1,初始含水率,1.0,T,900.0,0.0,2.751576744230988e-10,0.00018863956472471097,True
Q1,初始含水率,1.0,T,900.0,0.25,2.794209308376594e-10,0.00018863956472471097,True
Q1,初始含水率,1.0,T,900.0,0.5,2.8403945862010005e-10,0.00018863956472471097,True
Q1,初始含水率,1.0,T,900.0,0.75,2.69650968220958e-10,0.00018863956472471097,True
Q1,初始含水率,1.0,T,900.0,1.0,2.1458390619955026e-10,0.00018863956472471097,True
Q1,初始含水率,1.0,T,1200.0,0.0,2.2009061240169103e-10,0.00021194265711586792,True
Q1,初始含水率,1.0,T,1200.0,0.25,2.213340621892712e-10,0.00021194265711586792,True
Q1,初始含水率,1.0,T,1200.0,0.5,2.27018404075352e-10,0.00021194265711586792,True
Q1,初始含水率,1.0,T,1200.0,0.75,2.1529444893531036e-10,0.00021194265711586792,True
Q1,初始含水率,1.0,T,1200.0,1.0,1.6839862837514374e-10,0.00021194265711586792,True
Q1,初始含水率,1.0,T,1500.0,0.0,2.028599510595086e-10,0.00021568652648794431,True
Q1,初始含水率,1.0,T,1500.0,0.25,1.9824142327706795e-10,0.00021568652648794431,True
Q1,初始含水率,1.0,T,1500.0,0.5,1.8260948309034575e-10,0.00021568652648794431,True
Q1,初始含水率,1.0,T,1500.0,0.75,1.5631940186722204e-10,0.00021568652648794431,True
Q1,初始含水率,1.0,T,1500.0,1.0,1.1866063687193673e-10,0.00021568652648794431,True
Q1,初始含水率,1.0,T,1800.0,0.0,1.63069557856943e-10,0.00020888124454511894,True
Q1,初始含水率,1.0,T,1800.0,0.25,1.5631940186722204e-10,0.00020888124454511894,True
Q1,初始含水率,1.0,T,1800.0,0.5,1.424638185199001e-10,0.00020888124454511894,True
Q1,初始含水率,1.0,T,1800.0,0.75,1.1830536550405668e-10,0.00020888124454511894,True
Q1,初始含水率,1.0,T,1800.0,1.0,9.130474154517287e-11,0.00020888124454511894,True
Q1,初始半径,1.0,C,100.0,0.0,0.0,0.0005813894512935664,False
Q1,初始半径,1.0,C,100.0,0.25,0.0,0.0005813894512935664,False
Q1,初始半径,1.0,C,100.0,0.5,0.0,0.0005813894512935664,False
Q1,初始半径,1.0,C,100.0,0.75,1.1279499112504254e-06,0.0005813894512935664,False
Q1,初始半径,1.0,C,100.0,1.0,0.004520597918555858,0.0005813894512935664,False
Q1,初始半径,1.0,C,300.0,0.0,0.0,0.00041528277962595873,False
Q1,初始半径,1.0,C,300.0,0.25,2.220446049250313e-14,0.00041528277962595873,False
Q1,初始半径,1.0,C,300.0,0.5,3.524389668996264e-08,0.00041528277962595873,False
Q1,初始半径,1.0,C,300.0,0.75,0.007993799671002222,0.00041528277962595873,False
Q1,初始半径,1.0,C,300.0,1.0,0.012520443775643209,0.00041528277962595873,False
Q1,初始半径,1.0,C,600.0,0.0,4.440892098500626e-14,0.00031995289962924065,False
Q1,初始半径,1.0,C,600.0,0.25,8.524136951848504e-09,0.00031995289962924065,False
Q1,初始半径,1.0,C,600.0,0.5,0.00021238016862934472,0.00031995289962924065,False
Q1,初始半径,1.0,C,600.0,0.75,0.08174743718347699,0.00031995289962924065,False
Q1,初始半径,1.0,C,600.0,1.0,0.023208053499967907,0.00031995289962924065,False
Q1,初始半径,1.0,C,900.0,0.0,2.5936586212083057e-09,0.00026807754247983804,False
Q1,初始半径,1.0,C,900.0,0.25,5.560338522947461e-06,0.00026807754247983804,False
Q1,初始半径,1.0,C,900.0,0.5,0.004067166280541379,0.00026807754247983804,False
Q1,初始半径,1.0,C,900.0,0.75,0.1826897822054141,0.00026807754247983804,False
Q1,初始半径,1.0,C,900.0,1.0,0.0328889867066362,0.00026807754247983804,False
Q1,初始半径,1.0,C,1200.0,0.0,6.879533609449595e-07,0.00023325717167994734,False
Q1,初始半径,1.0,C,1200.0,0.25,0.00014601461619800915,0.00023325717167994734,False
Q1,初始半径,1.0,C,1200.0,0.5,0.01811789327588187,0.00023325717167994734,False
Q1,初始半径,1.0,C,1200.0,0.75,0.2758122725017742,0.00023325717167994734,False
Q1,初始半径,1.0,C,1200.0,1.0,0.04184284412597217,0.00023325717167994734,False
Q1,初始半径,1.0,C,1500.0,0.0,1.939097209469054e-05,0.00020746759977471194,False
Q1,初始半径,1.0,C,1500.0,0.25,0.0010517450891978086,0.00020746759977471194,False
Q1,初始半径,1.0,C,1500.0,0.5,0.04474796393219016,0.00020746759977471194,False
Q1,初始半径,1.0,C,1500.0,0.75,0.35465872680997546,0.00020746759977471194,False
Q1,初始半径,1.0,C,1500.0,1.0,0.05022449972996723,0.00020746759977471194,False
Q1,初始半径,1.0,C,1800.0,0.0,0.00017807981600448386,0.00018728220773915318,False
Q1,初始半径,1.0,C,1800.0,0.25,0.003953009315882383,0.00018728220773915318,False
Q1,初始半径,1.0,C,1800.0,0.5,0.08208003861058799,0.00018728220773915318,False
Q1,初始半径,1.0,C,1800.0,0.75,0.42025761820603247,0.00018728220773915318,False
Q1,初始半径,1.0,C,1800.0,1.0,0.05813583975371461,0.00018728220773915318,False
Q1,初始半径,1.0,T,100.0,0.0,-0.0007510955125411556,5.2144210169930674e-05,False
Q1,初始半径,1.0,T,100.0,0.25,-0.0032844183467162225,5.2144210169930674e-05,False
Q1,初始半径,1.0,T,100.0,0.5,-0.020909661867563045,5.2144210169930674e-05,False
Q1,初始半径,1.0,T,100.0,0.75,-0.06953704987466836,5.2144210169930674e-05,False
Q1,初始半径,1.0,T,100.0,1.0,-0.011778499297854239,5.2144210169930674e-05,False
Q1,初始半径,1.0,T,300.0,0.0,-0.2274963080274972,0.00011003452205774043,False
Q1,初始半径,1.0,T,300.0,0.25,-0.27581073355094077,0.00011003452205774043,False
Q1,初始半径,1.0,T,300.0,0.5,-0.38563721250959304,0.00011003452205774043,False
Q1,初始半径,1.0,T,300.0,0.75,-0.4303149586418087,0.00011003452205774043,False
Q1,初始半径,1.0,T,300.0,1.0,-0.10013316397632366,0.00011003452205774043,False
Q1,初始半径,1.0,T,600.0,0.0,-1.440678974215004,0.00015775621835589597,False
Q1,初始半径,1.0,T,600.0,0.25,-1.456818398795967,0.00015775621835589597,False
Q1,初始半径,1.0,T,600.0,0.5,-1.4383005428911133,0.00015775621835589597,False
Q1,初始半径,1.0,T,600.0,0.75,-1.1905595115695888,0.00015775621835589597,False
Q1,初始半径,1.0,T,600.0,1.0,-0.39764619301170256,0.00015775621835589597,False
Q1,初始半径,1.0,T,900.0,0.0,-3.0651802929297034,0.00018863290116065412,False
Q1,初始半径,1.0,T,900.0,0.25,-3.003960251290394,0.00018863290116065412,False
Q1,初始半径,1.0,T,900.0,0.5,-2.752160218455124,0.00018863290116065412,False
Q1,初始半径,1.0,T,900.0,0.75,-2.12365204445355,0.00018863290116065412,False
Q1,初始半径,1.0,T,900.0,1.0,-0.8815283170116928,0.00018863290116065412,False
Q1,初始半径,1.0,T,1200.0,0.0,-4.671063534311415,0.00021193989410250418,False
Q1,初始半径,1.0,T,1200.0,0.25,-4.52740706496364,0.00021193989410250418,False
Q1,初始半径,1.0,T,1200.0,0.5,-4.049273568727507,0.00021193989410250418,False
Q1,初始半径,1.0,T,1200.0,0.75,-3.096813550519073,0.00021193989410250418,False
Q1,初始半径,1.0,T,1200.0,1.0,-1.4630960413462901,0.00021193989410250418,False
Q1,初始半径,1.0,T,1500.0,0.0,-6.150219872611373,0.00021568452599076264,False
Q1,初始半径,1.0,T,1500.0,0.25,-5.936803372489408,0.00021568452599076264,False
Q1,初始半径,1.0,T,1500.0,0.5,-5.256221800578587,0.00021568452599076264,False
Q1,初始半径,1.0,T,1500.0,0.75,-3.9974608612848073,0.00021568452599076264,False
Q1,初始半径,1.0,T,1500.0,1.0,-2.0580994432688016,0.00021568452599076264,False
Q1,初始半径,1.0,T,1800.0,0.0,-7.2973252794305665,0.00020888393718309443,False
Q1,初始半径,1.0,T,1800.0,0.25,-7.020835909087708,0.00020888393718309443,False
Q1,初始半径,1.0,T,1800.0,0.5,-6.18201507909788,0.00020888393718309443,False
Q1,初始半径,1.0,T,1800.0,0.75,-4.7395270150861535,0.00020888393718309443,False
Q1,初始半径,1.0,T,1800.0,1.0,-2.5911159861610855,0.00020888393718309443,False
Q23,扩散前因子,1.0,C,1800.0,0.0,-0.0006021242545228844,0.0001302794347630578,False
Q23,扩散前因子,1.0,C,1800.0,0.25,-0.006137690993357481,0.0001302794347630578,False
Q23,扩散前因子,1.0,C,1800.0,0.5,-0.06125268057843858,0.0001302794347630578,False
Q23,扩散前因子,1.0,C,1800.0,0.75,-0.14064433057794368,0.0001302794347630578,False
Q23,扩散前因子,1.0,C,1800.0,1.0,0.2855142459358362,0.0001302794347630578,False
Q23,扩散前因子,1.0,C,3600.0,0.0,-0.09081378337501,0.0001115605528625773,False
Q23,扩散前因子,1.0,C,3600.0,0.25,-0.1367142523640119,0.0001115605528625773,False
Q23,扩散前因子,1.0,C,3600.0,0.5,-0.21506319044970468,0.0001115605528625773,False
Q23,扩散前因子,1.0,C,3600.0,0.75,-0.12788597103114974,0.0001115605528625773,False
Q23,扩散前因子,1.0,C,3600.0,1.0,0.27914385717298096,0.0001115605528625773,False
Q23,扩散前因子,1.0,C,5400.0,0.0,-0.33126940630494595,0.0001041754227779053,False
Q23,扩散前因子,1.0,C,5400.0,0.25,-0.3346735473792384,0.0001041754227779053,False
Q23,扩散前因子,1.0,C,5400.0,0.5,-0.291600041688711,0.0001041754227779053,False
Q23,扩散前因子,1.0,C,5400.0,0.75,-0.1046562401775919,0.0001041754227779053,False
Q23,扩散前因子,1.0,C,5400.0,1.0,0.2560563201195243,0.0001041754227779053,False
Q23,扩散前因子,1.0,C,7200.0,0.0,-0.4858907164507098,6.579680527839927e-05,False
Q23,扩散前因子,1.0,C,7200.0,0.25,-0.4510881453335447,6.579680527839927e-05,False
Q23,扩散前因子,1.0,C,7200.0,0.5,-0.33286150718576657,6.579680527839927e-05,False
Q23,扩散前因子,1.0,C,7200.0,0.75,-0.10967348352647344,6.579680527839927e-05,False
Q23,扩散前因子,1.0,C,7200.0,1.0,0.2216769205918956,6.579680527839927e-05,False
Q23,扩散前因子,1.0,C,9000.0,0.0,-0.5403628236714031,6.719597368900369e-05,False
Q23,扩散前因子,1.0,C,9000.0,0.25,-0.4943133366517749,6.719597368900369e-05,False
Q23,扩散前因子,1.0,C,9000.0,0.5,-0.35658980009977137,6.719597368900369e-05,False
Q23,扩散前因子,1.0,C,9000.0,0.75,-0.13106496896397868,6.719597368900369e-05,False
Q23,扩散前因子,1.0,C,9000.0,1.0,0.17948851037821179,6.719597368900369e-05,False
Q23,扩散前因子,1.0,C,10800.0,0.0,-0.5497692142318988,6.31122292396009e-05,False
Q23,扩散前因子,1.0,C,10800.0,0.25,-0.5037050766577789,6.31122292396009e-05,False
Q23,扩散前因子,1.0,C,10800.0,0.5,-0.36911247784727763,6.31122292396009e-05,False
Q23,扩散前因子,1.0,C,10800.0,0.75,-0.1550279569072277,6.31122292396009e-05,False
Q23,扩散前因子,1.0,C,10800.0,1.0,0.1370720718810392,6.31122292396009e-05,False
Q23,扩散前因子,1.0,T,1800.0,0.0,0.014103057065284474,0.00021394380499836546,False
Q23,扩散前因子,1.0,T,1800.0,0.25,0.015234469375613457,0.00021394380499836546,False
Q23,扩散前因子,1.0,T,1800.0,0.5,0.018632177154032092,0.00021394380499836546,False
Q23,扩散前因子,1.0,T,1800.0,0.75,0.022792252413239567,0.00021394380499836546,False
Q23,扩散前因子,1.0,T,1800.0,1.0,0.005134638668025104,0.00021394380499836546,False
Q23,扩散前因子,1.0,T,3600.0,0.0,0.09050098574157062,0.00019745566859323682,False
Q23,扩散前因子,1.0,T,3600.0,0.25,0.0901323300496415,0.00019745566859323682,False
Q23,扩散前因子,1.0,T,3600.0,0.5,0.08721221908132293,0.00019745566859323682,False
Q23,扩散前因子,1.0,T,3600.0,0.75,0.07680533301659409,0.00019745566859323682,False
Q23,扩散前因子,1.0,T,3600.0,1.0,0.04249126134858727,0.00019745566859323682,False
Q23,扩散前因子,1.0,T,5400.0,0.0,0.13124468000000888,0.0001393896312361914,False
Q23,扩散前因子,1.0,T,5400.0,0.25,0.12723795798983417,0.0001393896312361914,False
Q23,扩散前因子,1.0,T,5400.0,0.5,0.11544255577859985,0.0001393896312361914,False
Q23,扩散前因子,1.0,T,5400.0,0.75,0.0961239980668438,0.0001393896312361914,False
Q23,扩散前因子,1.0,T,5400.0,1.0,0.06507653926846046,0.0001393896312361914,False
Q23,扩散前因子,1.0,T,7200.0,0.0,0.10450397341372764,6.777810359918321e-05,False
Q23,扩散前因子,1.0,T,7200.0,0.25,0.10105711249366323,6.777810359918321e-05,False
Q23,扩散前因子,1.0,T,7200.0,0.5,0.09128452207143312,6.777810359918321e-05,False
Q23,扩散前因子,1.0,T,7200.0,0.75,0.0763132363850616,6.777810359918321e-05,False
Q23,扩散前因子,1.0,T,7200.0,1.0,0.05512334527004725,6.777810359918321e-05,False
Q23,扩散前因子,1.0,T,9000.0,0.0,0.05978921083062971,3.126574663367473e-05,False
Q23,扩散前因子,1.0,T,9000.0,0.25,0.05788334139857909,3.126574663367473e-05,False
Q23,扩散前因子,1.0,T,9000.0,0.5,0.05247359803739471,3.126574663367473e-05,False
Q23,扩散前因子,1.0,T,9000.0,0.75,0.044340028408385024,3.126574663367473e-05,False
Q23,扩散前因子,1.0,T,9000.0,1.0,0.03248844169085885,3.126574663367473e-05,False
Q23,扩散前因子,1.0,T,10800.0,0.0,0.029032863471911696,1.6933070916880135e-05,False
Q23,扩散前因子,1.0,T,10800.0,0.25,0.02834456278151265,1.6933070916880135e-05,False
Q23,扩散前因子,1.0,T,10800.0,0.5,0.026169941007836428,1.6933070916880135e-05,False
Q23,扩散前因子,1.0,T,10800.0,0.75,0.022407042439098745,1.6933070916880135e-05,False
Q23,扩散前因子,1.0,T,10800.0,1.0,0.01665077948551641,1.6933070916880135e-05,False
Q23,含水率指数系数,1.0,C,1800.0,0.0,0.0001074444352600068,0.00013026997931056937,False
Q23,含水率指数系数,1.0,C,1800.0,0.25,0.0011087003867871204,0.00013026997931056937,False
Q23,含水率指数系数,1.0,C,1800.0,0.5,0.011496047481696081,0.00013026997931056937,False
Q23,含水率指数系数,1.0,C,1800.0,0.75,0.030185870968946205,0.00013026997931056937,False
Q23,含水率指数系数,1.0,C,1800.0,1.0,-0.06657667071852114,0.00013026997931056937,False
Q23,含水率指数系数,1.0,C,3600.0,0.0,0.016965776012667355,0.00011158509209754186,False
Q23,含水率指数系数,1.0,C,3600.0,0.25,0.02639041971792544,0.00011158509209754186,False
Q23,含水率指数系数,1.0,C,3600.0,0.5,0.0453674471586174,0.00011158509209754186,False
Q23,含水率指数系数,1.0,C,3600.0,0.75,0.0338988889297287,0.00011158509209754186,False
Q23,含水率指数系数,1.0,C,3600.0,1.0,-0.070897804073633,0.00011158509209754186,False
Q23,含水率指数系数,1.0,C,5400.0,0.0,0.06689106220294505,0.00010417030703774084,False
Q23,含水率指数系数,1.0,C,5400.0,0.25,0.07009718043375912,0.00010417030703774084,False
Q23,含水率指数系数,1.0,C,5400.0,0.5,0.06791328734123692,0.00010417030703774084,False
Q23,含水率指数系数,1.0,C,5400.0,0.75,0.03203644172922182,0.00010417030703774084,False
Q23,含水率指数系数,1.0,C,5400.0,1.0,-0.07029648048030301,0.00010417030703774084,False
Q23,含水率指数系数,1.0,C,7200.0,0.0,0.10700577727842386,6.578932158125337e-05,False
Q23,含水率指数系数,1.0,C,7200.0,0.25,0.10254287446582744,6.578932158125337e-05,False
Q23,含水率指数系数,1.0,C,7200.0,0.5,0.0834123471188275,6.578932158125337e-05,False
Q23,含水率指数系数,1.0,C,7200.0,0.75,0.03490197591529132,6.578932158125337e-05,False
Q23,含水率指数系数,1.0,C,7200.0,1.0,-0.06727694095988168,6.578932158125337e-05,False
Q23,含水率指数系数,1.0,C,9000.0,0.0,0.1294346945796554,6.720605618657336e-05,False
Q23,含水率指数系数,1.0,C,9000.0,0.25,0.1216380548574314,6.720605618657336e-05,False
Q23,含水率指数系数,1.0,C,9000.0,0.5,0.09536865253032545,6.720605618657336e-05,False
Q23,含水率指数系数,1.0,C,9000.0,0.75,0.04158189463653317,6.720605618657336e-05,False
Q23,含水率指数系数,1.0,C,9000.0,1.0,-0.06251703441536582,6.720605618657336e-05,False
Q23,含水率指数系数,1.0,C,10800.0,0.0,0.14261488147454537,6.311479732785982e-05,False
Q23,含水率指数系数,1.0,C,10800.0,0.25,0.1337709484433347,6.311479732785982e-05,False
Q23,含水率指数系数,1.0,C,10800.0,0.5,0.10525480278925636,6.311479732785982e-05,False
Q23,含水率指数系数,1.0,C,10800.0,0.75,0.04959846413092883,6.311479732785982e-05,False
Q23,含水率指数系数,1.0,C,10800.0,1.0,-0.05723533548238624,6.311479732785982e-05,False
Q23,含水率指数系数,1.0,T,1800.0,0.0,-0.0028620697708703347,0.00021394577921042218,False
Q23,含水率指数系数,1.0,T,1800.0,0.25,-0.0030960610562402735,0.00021394577921042218,False
Q23,含水率指数系数,1.0,T,1800.0,0.5,-0.003805358201702802,0.00021394577921042218,False
Q23,含水率指数系数,1.0,T,1800.0,0.75,-0.0047730817811952875,0.00021394577921042218,False
Q23,含水率指数系数,1.0,T,1800.0,1.0,-0.0012658087936046059,0.00021394577921042218,False
Q23,含水率指数系数,1.0,T,3600.0,0.0,-0.019264848858213668,0.00019745392155198261,False
Q23,含水率指数系数,1.0,T,3600.0,0.25,-0.019264672224039714,0.00019745392155198261,False
Q23,含水率指数系数,1.0,T,3600.0,0.5,-0.018900683459577294,0.00019745392155198261,False
Q23,含水率指数系数,1.0,T,3600.0,0.75,-0.017163055658286908,0.00019745392155198261,False
Q23,含水率指数系数,1.0,T,3600.0,1.0,-0.009716345710586438,0.00019745392155198261,False
Q23,含水率指数系数,1.0,T,5400.0,0.0,-0.02934700404928492,0.00013938818678689097,False
Q23,含水率指数系数,1.0,T,5400.0,0.25,-0.028566976702748548,0.00013938818678689097,False
Q23,含水率指数系数,1.0,T,5400.0,0.5,-0.026229637604302525,0.00013938818678689097,False
Q23,含水率指数系数,1.0,T,5400.0,0.75,-0.022272929363964522,0.00013938818678689097,False
Q23,含水率指数系数,1.0,T,5400.0,1.0,-0.015137783811880468,0.00013938818678689097,False
Q23,含水率指数系数,1.0,T,7200.0,0.0,-0.0245461979783812,6.777692810691197e-05,False
Q23,含水率指数系数,1.0,T,7200.0,0.25,-0.02379817470377077,6.777692810691197e-05,False
Q23,含水率指数系数,1.0,T,7200.0,0.5,-0.02165666212654571,6.777692810691197e-05,False
Q23,含水率指数系数,1.0,T,7200.0,0.75,-0.018309720255516027,6.777692810691197e-05,False
Q23,含水率指数系数,1.0,T,7200.0,1.0,-0.013181276368356976,6.777692810691197e-05,False
Q23,含水率指数系数,1.0,T,9000.0,0.0,-0.014709250460143153,3.126430358269618e-05,False
Q23,含水率指数系数,1.0,T,9000.0,0.25,-0.01425995536976643,3.126430358269618e-05,False
Q23,含水率指数系数,1.0,T,9000.0,0.5,-0.01297751872861852,3.126430358269618e-05,False
Q23,含水率指数系数,1.0,T,9000.0,0.75,-0.011028702764903642,3.126430358269618e-05,False
Q23,含水率指数系数,1.0,T,9000.0,1.0,-0.007960466639644892,3.126430358269618e-05,False
Q23,含水率指数系数,1.0,T,10800.0,0.0,-0.007478943162908536,1.6932549117426924e-05,False
Q23,含水率指数系数,1.0,T,10800.0,0.25,-0.007309421041412634,1.6932549117426924e-05,False
Q23,含水率指数系数,1.0,T,10800.0,0.5,-0.0067700976956075465,1.6932549117426924e-05,False
Q23,含水率指数系数,1.0,T,10800.0,0.75,-0.005822990891246604,1.6932549117426924e-05,False
Q23,含水率指数系数,1.0,T,10800.0,1.0,-0.0042415652785621205,1.6932549117426924e-05,False
Q23,对流换热系数,1.0,C,1800.0,0.0,-3.129354824160657e-05,0.00013027060937939895,False
Q23,对流换热系数,1.0,C,1800.0,0.25,-0.0003702177306719179,0.00013027060937939895,False
Q23,对流换热系数,1.0,C,1800.0,0.5,-0.004610369213753351,0.00013027060937939895,False
Q23,对流换热系数,1.0,C,1800.0,0.75,-0.014141555955027307,0.00013027060937939895,False
Q23,对流换热系数,1.0,C,1800.0,1.0,0.03785043816632028,0.00013027060937939895,False
Q23,对流换热系数,1.0,C,3600.0,0.0,-0.012191624791046962,0.00011158461177860795,False
Q23,对流换热系数,1.0,C,3600.0,0.25,-0.019095316976924792,0.00011158461177860795,False
Q23,对流换热系数,1.0,C,3600.0,0.5,-0.03188610318394236,0.00011158461177860795,False
Q23,对流换热系数,1.0,C,3600.0,0.75,-0.018914419552462647,0.00011158461177860795,False
Q23,对流换热系数,1.0,C,3600.0,1.0,0.050732217978211036,0.00011158461177860795,False
Q23,对流换热系数,1.0,C,5400.0,0.0,-0.05057799434471377,0.00010417237872585141,False
Q23,对流换热系数,1.0,C,5400.0,0.25,-0.05078990278288842,0.00010417237872585141,False
Q23,对流换热系数,1.0,C,5400.0,0.5,-0.042836421291148064,0.00010417237872585141,False
Q23,对流换热系数,1.0,C,5400.0,0.75,-0.012617481155197119,0.00010417237872585141,False
Q23,对流换热系数,1.0,C,5400.0,1.0,0.0359614713905998,0.00010417237872585141,False
Q23,对流换热系数,1.0,C,7200.0,0.0,-0.06271301359279668,6.578976323963216e-05,False
Q23,对流换热系数,1.0,C,7200.0,0.25,-0.05714261222353745,6.578976323963216e-05,False
Q23,对流换热系数,1.0,C,7200.0,0.5,-0.039779536129469495,6.578976323963216e-05,False
Q23,对流换热系数,1.0,C,7200.0,0.75,-0.012235282473005427,6.578976323963216e-05,False
Q23,对流换热系数,1.0,C,7200.0,1.0,0.0159515387962883,6.578976323963216e-05,False
Q23,对流换热系数,1.0,C,9000.0,0.0,-0.05294096319795605,6.72068053144851e-05,False
Q23,对流换热系数,1.0,C,9000.0,0.25,-0.047671517125669194,6.72068053144851e-05,False
Q23,对流换热系数,1.0,C,9000.0,0.5,-0.03333209898913614,6.72068053144851e-05,False
Q23,对流换热系数,1.0,C,9000.0,0.75,-0.014600963991195925,6.72068053144851e-05,False
Q23,对流换热系数,1.0,C,9000.0,1.0,0.0006870109693468684,6.72068053144851e-05,False
Q23,对流换热系数,1.0,C,10800.0,0.0,-0.04032780916072287,6.311581093723389e-05,False
Q23,对流换热系数,1.0,C,10800.0,0.25,-0.03681190867341755,6.311581093723389e-05,False
Q23,对流换热系数,1.0,C,10800.0,0.5,-0.0275761290741805,6.311581093723389e-05,False
Q23,对流换热系数,1.0,C,10800.0,0.75,-0.0162160444760584,6.311581093723389e-05,False
Q23,对流换热系数,1.0,C,10800.0,1.0,-0.007461436565292523,6.311581093723389e-05,False
Q23,对流换热系数,1.0,T,1800.0,0.0,2.425171460400577,0.00021394162774814168,False
Q23,对流换热系数,1.0,T,1800.0,0.25,2.510622265649687,0.00021394162774814168,False
Q23,对流换热系数,1.0,T,1800.0,0.5,2.7639035142080104,0.00021394162774814168,False
Q23,对流换热系数,1.0,T,1800.0,0.75,3.1795257599988247,0.00021394162774814168,False
Q23,对流换热系数,1.0,T,1800.0,1.0,3.753419551738446,0.00021394162774814168,False
Q23,对流换热系数,1.0,T,3600.0,0.0,4.520266336881917,0.00019744705496310626,False
Q23,对流换热系数,1.0,T,3600.0,0.25,4.528049533437439,0.00019744705496310626,False
Q23,对流换热系数,1.0,T,3600.0,0.5,4.543708050755058,0.00019744705496310626,False
Q23,对流换热系数,1.0,T,3600.0,0.75,4.547514933376107,0.00019744705496310626,False
Q23,对流换热系数,1.0,T,3600.0,1.0,4.529698664712356,0.00019744705496310626,False
Q23,对流换热系数,1.0,T,5400.0,0.0,3.7128019390035405,0.00013939083187805576,False
Q23,对流换热系数,1.0,T,5400.0,0.25,3.6759209730785614,0.00013939083187805576,False
Q23,对流换热系数,1.0,T,5400.0,0.5,3.564750433696773,0.00013939083187805576,False
Q23,对流换热系数,1.0,T,5400.0,0.75,3.3780435675534903,0.00013939083187805576,False
Q23,对流换热系数,1.0,T,5400.0,1.0,3.103511363656608,0.00013939083187805576,False
Q23,对流换热系数,1.0,T,7200.0,0.0,2.1509557685963188,6.77839223731397e-05,False
Q23,对流换热系数,1.0,T,7200.0,0.25,2.119007603128864,6.77839223731397e-05,False
Q23,对流换热系数,1.0,T,7200.0,0.5,2.0239542781592235,6.77839223731397e-05,False
Q23,对流换热系数,1.0,T,7200.0,0.75,1.8685706898533994,6.77839223731397e-05,False
Q23,对流换热系数,1.0,T,7200.0,1.0,1.6563178024416203,6.77839223731397e-05,False
Q23,对流换热系数,1.0,T,9000.0,0.0,1.0020403663990152,3.127162732855706e-05,False
Q23,对流换热系数,1.0,T,9000.0,0.25,0.9827388474597853,3.127162732855706e-05,False
Q23,对流换热系数,1.0,T,9000.0,0.5,0.924819455952175,3.127162732855706e-05,False
Q23,对流换热系数,1.0,T,9000.0,0.75,0.8298223484267453,3.127162732855706e-05,False
Q23,对流换热系数,1.0,T,9000.0,1.0,0.7298878263192421,3.127162732855706e-05,False
Q23,对流换热系数,1.0,T,10800.0,0.0,0.41116866083257264,1.6938996902830112e-05,False
Q23,对流换热系数,1.0,T,10800.0,0.25,0.404060348962787,1.6938996902830112e-05,False
Q23,对流换热系数,1.0,T,10800.0,0.5,0.3846675045437564,1.6938996902830112e-05,False
Q23,对流换热系数,1.0,T,10800.0,0.75,0.3564225396637255,1.6938996902830112e-05,False
Q23,对流换热系数,1.0,T,10800.0,1.0,0.3243606754566031,1.6938996902830112e-05,False
Q23,对流传质系数,1.0,C,1800.0,0.0,-5.7168651901307044e-05,0.00013026513404714788,False
Q23,对流传质系数,1.0,C,1800.0,0.25,-0.0009342745191709412,0.00013026513404714788,False
Q23,对流传质系数,1.0,C,1800.0,0.5,-0.019380270899072016,0.00013026513404714788,False
Q23,对流传质系数,1.0,C,1800.0,0.75,-0.16641498823584122,0.00013026513404714788,False
Q23,对流传质系数,1.0,C,1800.0,1.0,-0.63874436369733,0.00013026513404714788,False
Q23,对流传质系数,1.0,C,3600.0,0.0,-0.0182980115924547,0.00011158329007661103,False
Q23,对流传质系数,1.0,C,3600.0,0.25,-0.03998110930316656,0.00011158329007661103,False
Q23,对流传质系数,1.0,C,3600.0,0.5,-0.13134677386636984,0.00011158329007661103,False
Q23,对流传质系数,1.0,C,3600.0,0.75,-0.34285024301998757,0.00011158329007661103,False
Q23,对流传质系数,1.0,C,3600.0,1.0,-0.688764115538798,0.00011158329007661103,False
Q23,对流传质系数,1.0,C,5400.0,0.0,-0.10931912071669991,0.00010416797035824087,False
Q23,对流传质系数,1.0,C,5400.0,0.25,-0.145601677984053,0.00010416797035824087,False
Q23,对流传质系数,1.0,C,5400.0,0.5,-0.25767090935044923,0.00010416797035824087,False
Q23,对流传质系数,1.0,C,5400.0,0.75,-0.4476489427017394,0.00010416797035824087,False
Q23,对流传质系数,1.0,C,5400.0,1.0,-0.7138725452285222,0.00010416797035824087,False
Q23,对流传质系数,1.0,C,7200.0,0.0,-0.23002649348262683,6.578728990502972e-05,False
Q23,对流传质系数,1.0,C,7200.0,0.25,-0.2632952359530094,6.578728990502972e-05,False
Q23,对流传质系数,1.0,C,7200.0,0.5,-0.36071933442649584,6.578728990502972e-05,False
Q23,对流传质系数,1.0,C,7200.0,0.75,-0.5165194355795988,6.578728990502972e-05,False
Q23,对流传质系数,1.0,C,7200.0,1.0,-0.7334428542170812,6.578728990502972e-05,False
Q23,对流传质系数,1.0,C,9000.0,0.0,-0.3334912355115405,6.720479944029233e-05,False
Q23,对流传质系数,1.0,C,9000.0,0.25,-0.3603424143925338,6.720479944029233e-05,False
Q23,对流传质系数,1.0,C,9000.0,0.5,-0.438672075222557,6.720479944029233e-05,False
Q23,对流传质系数,1.0,C,9000.0,0.75,-0.5644188434542508,6.720479944029233e-05,False
Q23,对流传质系数,1.0,C,9000.0,1.0,-0.7466348542953027,6.720479944029233e-05,False
Q23,对流传质系数,1.0,C,10800.0,0.0,-0.41136272276811603,6.311369497473221e-05,False
Q23,对流传质系数,1.0,C,10800.0,0.25,-0.43254281513681603,6.311369497473221e-05,False
Q23,对流传质系数,1.0,C,10800.0,0.5,-0.49462189066681317,6.311369497473221e-05,False
Q23,对流传质系数,1.0,C,10800.0,0.75,-0.595950917800181,6.311369497473221e-05,False
Q23,对流传质系数,1.0,C,10800.0,1.0,-0.7511276606806727,6.311369497473221e-05,False
Q23,对流传质系数,1.0,T,1800.0,0.0,0.06709889361928845,0.00021394529327699917,False
Q23,对流传质系数,1.0,T,1800.0,0.25,0.07058798529904209,0.00021394529327699917,False
Q23,对流传质系数,1.0,T,1800.0,0.5,0.08134314439232071,0.00021394529327699917,False
Q23,对流传质系数,1.0,T,1800.0,0.75,0.10135441126415401,0.00021394529327699917,False
Q23,对流传质系数,1.0,T,1800.0,1.0,0.14883887826435682,0.00021394529327699917,False
Q23,对流传质系数,1.0,T,3600.0,0.0,0.22009270593557062,0.00019745329275020482,False
Q23,对流传质系数,1.0,T,3600.0,0.25,0.22226742051074666,0.00019745329275020482,False
Q23,对流传质系数,1.0,T,3600.0,0.5,0.22769402745517198,0.00019745329275020482,False
Q23,对流传质系数,1.0,T,3600.0,0.75,0.23546641036773508,0.00019745329275020482,False
Q23,对流传质系数,1.0,T,3600.0,1.0,0.2602493208812007,0.00019745329275020482,False
Q23,对流传质系数,1.0,T,5400.0,0.0,0.2625741778839341,0.00013938776007528002,False
Q23,对流传质系数,1.0,T,5400.0,0.25,0.2605561649023258,0.00013938776007528002,False
Q23,对流传质系数,1.0,T,5400.0,0.5,0.25401838299004,0.00013938776007528002,False
Q23,对流传质系数,1.0,T,5400.0,0.75,0.2429249629468444,0.00013938776007528002,False
Q23,对流传质系数,1.0,T,5400.0,1.0,0.23320504493113958,0.00013938776007528002,False
Q23,对流传质系数,1.0,T,7200.0,0.0,0.20059068964606297,6.777676647527786e-05,False
Q23,对流传质系数,1.0,T,7200.0,0.25,0.1975627788137757,6.777676647527786e-05,False
Q23,对流传质系数,1.0,T,7200.0,0.5,0.18840757106417527,6.777676647527786e-05,False
Q23,对流传质系数,1.0,T,7200.0,0.75,0.1738128652814197,6.777676647527786e-05,False
Q23,对流传质系数,1.0,T,7200.0,1.0,0.15773757932571186,6.777676647527786e-05,False
Q23,对流传质系数,1.0,T,9000.0,0.0,0.11442577773763674,3.1264624834879527e-05,False
Q23,对流传质系数,1.0,T,9000.0,0.25,0.11196308372412034,3.1264624834879527e-05,False
Q23,对流传质系数,1.0,T,9000.0,0.5,0.10451223932577136,3.1264624834879527e-05,False
Q23,对流传质系数,1.0,T,9000.0,0.75,0.09320842755826675,3.1264624834879527e-05,False
Q23,对流传质系数,1.0,T,9000.0,1.0,0.0850368311496652,3.1264624834879527e-05,False
Q23,对流传质系数,1.0,T,10800.0,0.0,0.055779028772562356,1.693266625047236e-05,False
Q23,对流传质系数,1.0,T,10800.0,0.25,0.055091136897189585,1.693266625047236e-05,False
Q23,对流传质系数,1.0,T,10800.0,0.5,0.05301488469555693,1.693266625047236e-05,False
Q23,对流传质系数,1.0,T,10800.0,0.75,0.04953496782640343,1.693266625047236e-05,False
Q23,对流传质系数,1.0,T,10800.0,1.0,0.046149333603651144,1.693266625047236e-05,False
Q23,导热系数,1.0,C,1800.0,0.0,-1.9654779825906132e-05,3.255947413247854e-05,False
Q23,导热系数,1.0,C,1800.0,0.25,-0.00015993733644137365,3.255947413247854e-05,False
Q23,导热系数,1.0,C,1800.0,0.5,-0.0008071346762950071,3.255947413247854e-05,False
Q23,导热系数,1.0,C,1800.0,0.75,0.0014539975321525844,3.255947413247854e-05,False
Q23,导热系数,1.0,C,1800.0,1.0,-0.003432673459413671,3.255947413247854e-05,False
Q23,导热系数,1.0,C,3600.0,0.0,-0.004977170255138219,2.7898693365274446e-05,False
Q23,导热系数,1.0,C,3600.0,0.25,-0.006213050642744911,2.7898693365274446e-05,False
Q23,导热系数,1.0,C,3600.0,0.5,-0.005556599016021124,2.7898693365274446e-05,False
Q23,导热系数,1.0,C,3600.0,0.75,0.0021499724334406167,2.7898693365274446e-05,False
Q23,导热系数,1.0,C,3600.0,1.0,0.0064311947386874735,2.7898693365274446e-05,False
Q23,导热系数,1.0,C,5400.0,0.0,-0.017020419005375764,2.6047422200618176e-05,False
Q23,导热系数,1.0,C,5400.0,0.25,-0.015116203863763111,2.6047422200618176e-05,False
Q23,导热系数,1.0,C,5400.0,0.5,-0.008260701328377529,2.6047422200618176e-05,False
Q23,导热系数,1.0,C,5400.0,0.75,0.002422764795384502,2.6047422200618176e-05,False
Q23,导热系数,1.0,C,5400.0,1.0,0.009741378655314659,2.6047422200618176e-05,False
Q23,导热系数,1.0,C,7200.0,0.0,-0.01878506887749154,1.6451610092611964e-05,False
Q23,导热系数,1.0,C,7200.0,0.25,-0.01586657125038915,1.6451610092611964e-05,False
Q23,导热系数,1.0,C,7200.0,0.5,-0.00813438942367517,1.6451610092611964e-05,False
Q23,导热系数,1.0,C,7200.0,0.75,0.00111179294322028,1.6451610092611964e-05,False
Q23,导热系数,1.0,C,7200.0,1.0,0.006886331978528393,1.6451610092611964e-05,False
Q23,导热系数,1.0,C,9000.0,0.0,-0.014309316453520182,1.680549693897676e-05,False
Q23,导热系数,1.0,C,9000.0,0.25,-0.012173642982837851,1.680549693897676e-05,False
Q23,导热系数,1.0,C,9000.0,0.5,-0.0067518943687172595,1.680549693897676e-05,False
Q23,导热系数,1.0,C,9000.0,0.75,-0.0006491100379535375,1.680549693897676e-05,False
Q23,导热系数,1.0,C,9000.0,1.0,0.0029698803142297336,1.680549693897676e-05,False
Q23,导热系数,1.0,C,10800.0,0.0,-0.009812694184452297,1.578232879107903e-05,False
Q23,导热系数,1.0,C,10800.0,0.25,-0.0085453741285213,1.578232879107903e-05,False
Q23,导热系数,1.0,C,10800.0,0.5,-0.005360497655360064,1.578232879107903e-05,False
Q23,导热系数,1.0,C,10800.0,0.75,-0.001819601218500111,1.578232879107903e-05,False
Q23,导热系数,1.0,C,10800.0,1.0,0.00022201416058909018,1.578232879107903e-05,False
Q23,导热系数,1.0,T,1800.0,0.0,2.008318639681761,5.3538702485932016e-05,False
Q23,导热系数,1.0,T,1800.0,0.25,1.8549988722149635,5.3538702485932016e-05,False
Q23,导热系数,1.0,T,1800.0,0.5,1.3846430385097364,5.3538702485932016e-05,False
Q23,导热系数,1.0,T,1800.0,0.75,0.5612176550378933,5.3538702485932016e-05,False
Q23,导热系数,1.0,T,1800.0,1.0,-0.6959945783997057,5.3538702485932016e-05,False
Q23,导热系数,1.0,T,3600.0,0.0,2.640723401292888,4.943434818501036e-05,False
Q23,导热系数,1.0,T,3600.0,0.25,2.4581747350865157,4.943434818501036e-05,False
Q23,导热系数,1.0,T,3600.0,0.5,1.922191460114675,4.943434818501036e-05,False
Q23,导热系数,1.0,T,3600.0,0.75,1.0743333457423176,4.943434818501036e-05,False
Q23,导热系数,1.0,T,3600.0,1.0,-0.04594321376885091,4.943434818501036e-05,False
Q23,导热系数,1.0,T,5400.0,0.0,1.8543698238381978,3.4936816905079517e-05,False
Q23,导热系数,1.0,T,5400.0,0.25,1.7434075888051126,3.4936816905079517e-05,False
Q23,导热系数,1.0,T,5400.0,0.5,1.4222173044775133,3.4936816905079517e-05,False
Q23,导热系数,1.0,T,5400.0,0.75,0.9217579964126088,3.4936816905079517e-05,False
Q23,导热系数,1.0,T,5400.0,1.0,0.29077178395482406,3.4936816905079517e-05,False
Q23,导热系数,1.0,T,7200.0,0.0,0.9979195778413441,1.701414606266297e-05,False
Q23,导热系数,1.0,T,7200.0,0.25,0.9446715790723204,1.701414606266297e-05,False
Q23,导热系数,1.0,T,7200.0,0.5,0.7901255246341776,1.701414606266297e-05,False
Q23,导热系数,1.0,T,7200.0,0.75,0.55040892796967,1.701414606266297e-05,False
Q23,导热系数,1.0,T,7200.0,1.0,0.24677984678902476,1.701414606266297e-05,False
Q23,导热系数,1.0,T,9000.0,0.0,0.43911107219543055,7.887084995713146e-06,False
Q23,导热系数,1.0,T,9000.0,0.25,0.4168781630781382,7.887084995713146e-06,False
Q23,导热系数,1.0,T,9000.0,0.5,0.3526180182184646,7.887084995713146e-06,False
Q23,导热系数,1.0,T,9000.0,0.75,0.2617466391996004,7.887084995713146e-06,False
Q23,导热系数,1.0,T,9000.0,1.0,0.13607866291067694,7.887084995713146e-06,False
Q23,导热系数,1.0,T,10800.0,0.0,0.1782613614164319,4.283220686994817e-06,False
Q23,导热系数,1.0,T,10800.0,0.25,0.1733695116044487,4.283220686994817e-06,False
Q23,导热系数,1.0,T,10800.0,0.5,0.1544164884801802,4.283220686994817e-06,False
Q23,导热系数,1.0,T,10800.0,0.75,0.11374438410562959,4.283220686994817e-06,False
Q23,导热系数,1.0,T,10800.0,1.0,0.04690620617608943,4.283220686994817e-06,False
Q23,体积热容量,1.0,C,1800.0,0.0,5.095377864083872e-05,0.00013026899528331966,False
Q23,体积热容量,1.0,C,1800.0,0.25,0.0005301921058853409,0.00013026899528331966,False
Q23,体积热容量,1.0,C,1800.0,0.5,0.005417736527446593,0.00013026899528331966,False
Q23,体积热容量,1.0,C,1800.0,0.75,0.012687904385844107,0.00013026899528331966,False
Q23,体积热容量,1.0,C,1800.0,1.0,-0.03441841136264667,0.00013026899528331966,False
Q23,体积热容量,1.0,C,3600.0,0.0,0.017169152944340738,0.00011158534968618785,False
Q23,体积热容量,1.0,C,3600.0,0.25,0.02530840157901615,0.00011158534968618785,False
Q23,体积热容量,1.0,C,3600.0,0.5,0.0374418399551546,0.00011158534968618785,False
Q23,体积热容量,1.0,C,3600.0,0.75,0.016763570261812966,0.00011158534968618785,False
Q23,体积热容量,1.0,C,3600.0,1.0,-0.05716025955028181,0.00011158534968618785,False
Q23,体积热容量,1.0,C,5400.0,0.0,0.06759459978367133,0.00010416957537248142,False
Q23,体积热容量,1.0,C,5400.0,0.25,0.06590200202438723,0.00010416957537248142,False
Q23,体积热容量,1.0,C,5400.0,0.5,0.05109332400603517,0.00010416957537248142,False
Q23,体积热容量,1.0,C,5400.0,0.75,0.01019396779451398,0.00010416957537248142,False
Q23,体积热容量,1.0,C,5400.0,1.0,-0.0456972103655362,0.00010416957537248142,False
Q23,体积热容量,1.0,C,7200.0,0.0,0.08148983013307465,6.5789210134906e-05,False
Q23,体积热容量,1.0,C,7200.0,0.25,0.07300169802226808,6.5789210134906e-05,False
Q23,体积热容量,1.0,C,7200.0,0.5,0.04790897631695712,6.5789210134906e-05,False
Q23,体积热容量,1.0,C,7200.0,0.75,0.011122958838705177,6.5789210134906e-05,False
Q23,体积热容量,1.0,C,7200.0,1.0,-0.02283311163419066,6.5789210134906e-05,False
Q23,体积热容量,1.0,C,9000.0,0.0,0.06724197816203592,6.720638531210128e-05,False
Q23,体积热容量,1.0,C,9000.0,0.25,0.059837823002339974,6.720638531210128e-05,False
Q23,体积热容量,1.0,C,9000.0,0.5,0.04007934417767922,6.720638531210128e-05,False
Q23,体积热容量,1.0,C,9000.0,0.75,0.015249125629090976,6.720638531210128e-05,False
Q23,体积热容量,1.0,C,9000.0,1.0,-0.003654462831248484,6.720638531210128e-05,False
Q23,体积热容量,1.0,C,10800.0,0.0,0.050133986020484134,6.311536867656898e-05,False
Q23,体积热容量,1.0,C,10800.0,0.25,0.045351490516365445,6.311536867656898e-05,False
Q23,体积热容量,1.0,C,10800.0,0.5,0.032932760603199274,6.311536867656898e-05,False
Q23,体积热容量,1.0,C,10800.0,0.75,0.018034199890970548,6.311536867656898e-05,False
Q23,体积热容量,1.0,C,10800.0,1.0,0.007239859311247709,6.311536867656898e-05,False
Q23,体积热容量,1.0,T,1800.0,0.0,-4.433518943822179,0.00021393946182135352,False
Q23,体积热容量,1.0,T,1800.0,0.25,-4.365648702568237,0.00021393946182135352,False
Q23,体积热容量,1.0,T,1800.0,0.5,-4.148574521857995,0.00021393946182135352,False
Q23,体积热容量,1.0,T,1800.0,0.75,-3.740782787662056,0.00021393946182135352,False
Q23,体积热容量,1.0,T,1800.0,1.0,-3.0575015362046543,0.00021393946182135352,False
Q23,体积热容量,1.0,T,3600.0,0.0,-7.160532760237359,0.00019744272938405309,False
Q23,体积热容量,1.0,T,3600.0,0.25,-6.985780208565373,0.00019744272938405309,False
Q23,体积热容量,1.0,T,3600.0,0.5,-6.465494686095141,0.00019744272938405309,False
Q23,体积热容量,1.0,T,3600.0,0.75,-5.621507259731118,0.00019744272938405309,False
Q23,体积热容量,1.0,T,3600.0,1.0,-4.4834953455335835,0.00019744272938405309,False
Q23,体积热容量,1.0,T,5400.0,0.0,-5.566475590687503,0.00013938483865704831,False
Q23,体积热容量,1.0,T,5400.0,0.25,-5.418650186766172,0.00013938483865704831,False
Q23,体积热容量,1.0,T,5400.0,0.5,-4.986340845518811,0.00013938483865704831,False
Q23,体积热容量,1.0,T,5400.0,0.75,-4.2992530765275205,0.00013938483865704831,False
Q23,体积热容量,1.0,T,5400.0,1.0,-3.3938316394131363,0.00013938483865704831,False
Q23,体积热容量,1.0,T,7200.0,0.0,-3.1483241625792857,6.778176942798226e-05,False
Q23,体积热容量,1.0,T,7200.0,0.25,-3.0631404063523604,6.778176942798226e-05,False
Q23,体积热容量,1.0,T,7200.0,0.5,-2.813577749432028,6.778176942798226e-05,False
Q23,体积热容量,1.0,T,7200.0,0.75,-2.4185352736783017,6.778176942798226e-05,False
Q23,体积热容量,1.0,T,7200.0,1.0,-1.9027264246545883,6.778176942798226e-05,False
Q23,体积热容量,1.0,T,9000.0,0.0,-1.4408391093404305,3.127072285291571e-05,False
Q23,体积热容量,1.0,T,9000.0,0.25,-1.3993115184426586,3.127072285291571e-05,False
Q23,体积热容量,1.0,T,9000.0,0.5,-1.2771521528510021,3.127072285291571e-05,False
Q23,体积热容量,1.0,T,9000.0,0.75,-1.0913162027311074,3.127072285291571e-05,False
Q23,体积热容量,1.0,T,9000.0,1.0,-0.8657539874704412,3.127072285291571e-05,False
Q23,体积热容量,1.0,T,10800.0,0.0,-0.5892942695698622,1.6935390488398394e-05,False
Q23,体积热容量,1.0,T,10800.0,0.25,-0.5772966917586331,1.6935390488398394e-05,False
Q23,体积热容量,1.0,T,10800.0,0.5,-0.5389581146346245,1.6935390488398394e-05,False
Q23,体积热容量,1.0,T,10800.0,0.75,-0.47005358359655247,1.6935390488398394e-05,False
Q23,体积热容量,1.0,T,10800.0,1.0,-0.3711715477905386,1.6935390488398394e-05,False
Q23,初始含水率,1.0,C,1800.0,0.0,2.5498479108352345,0.0001302703202142317,False
Q23,初始含水率,1.0,C,1800.0,0.25,2.547999017543745,0.0001302703202142317,False
Q23,初始含水率,1.0,C,1800.0,0.5,2.5163522448525155,0.0001302703202142317,False
Q23,初始含水率,1.0,C,1800.0,0.75,2.299755710871154,0.0001302703202142317,False
Q23,初始含水率,1.0,C,1800.0,1.0,1.6872479673927576,0.0001302703202142317,False
Q23,初始含水率,1.0,C,3600.0,0.0,2.516011734880652,0.00011158525424071795,False
Q23,初始含水率,1.0,C,3600.0,0.25,2.479015233275783,0.00011158525424071795,False
Q23,初始含水率,1.0,C,3600.0,0.5,2.3274173552328525,0.00011158525424071795,False
Q23,初始含水率,1.0,C,3600.0,0.75,1.990931860999412,0.00011158525424071795,False
Q23,初始含水率,1.0,C,3600.0,1.0,1.499299064790971,0.00011158525424071795,False
Q23,初始含水率,1.0,C,5400.0,0.0,2.346703142721207,0.00010417171157148225,False
Q23,初始含水率,1.0,C,5400.0,0.25,2.281745843761107,0.00010417171157148225,False
Q23,初始含水率,1.0,C,5400.0,0.5,2.0840059273298017,0.00010417171157148225,False
Q23,初始含水率,1.0,C,5400.0,0.75,1.7643044016013354,0.00010417171157148225,False
Q23,初始含水率,1.0,C,5400.0,1.0,1.3771723688384752,0.00010417171157148225,False
Q23,初始含水率,1.0,C,7200.0,0.0,2.094237709980984,6.578951830291101e-05,False
Q23,初始含水率,1.0,C,7200.0,0.25,2.0317509128544575,6.578951830291101e-05,False
Q23,初始含水率,1.0,C,7200.0,0.5,1.8523740185163007,6.578951830291101e-05,False
Q23,初始含水率,1.0,C,7200.0,0.75,1.5817014340714142,6.578951830291101e-05,False
Q23,初始含水率,1.0,C,7200.0,1.0,1.2646205556734458,6.578951830291101e-05,False
Q23,初始含水率,1.0,C,9000.0,0.0,1.8479050426277843,6.72065420035111e-05,False
Q23,初始含水率,1.0,C,9000.0,0.25,1.7955281666423017,6.72065420035111e-05,False
Q23,初始含水率,1.0,C,9000.0,0.5,1.6457093621240149,6.72065420035111e-05,False
Q23,初始含水率,1.0,C,9000.0,0.75,1.4193512344109038,6.72065420035111e-05,False
Q23,初始含水率,1.0,C,9000.0,1.0,1.1506428372292432,6.72065420035111e-05,False
Q23,初始含水率,1.0,C,10800.0,0.0,1.633569840055582,6.311519159215716e-05,False
Q23,初始含水率,1.0,C,10800.0,0.25,1.589782330732592,6.311519159215716e-05,False
Q23,初始含水率,1.0,C,10800.0,0.5,1.4637255838331864,6.311519159215716e-05,False
Q23,初始含水率,1.0,C,10800.0,0.75,1.2707545965107814,6.311519159215716e-05,False
Q23,初始含水率,1.0,C,10800.0,1.0,1.0385828326942625,6.311519159215716e-05,False
Q23,初始含水率,1.0,T,1800.0,0.0,-1.8401388717219191,0.0002139448063821265,False
Q23,初始含水率,1.0,T,1800.0,0.25,-1.8285115720988898,0.0002139448063821265,False
Q23,初始含水率,1.0,T,1800.0,0.5,-1.7886812571028088,0.0002139448063821265,False
Q23,初始含水率,1.0,T,1800.0,0.75,-1.710294641522836,0.0002139448063821265,False
Q23,初始含水率,1.0,T,1800.0,1.0,-1.6029179113317582,0.0002139448063821265,False
Q23,初始含水率,1.0,T,3600.0,0.0,-2.9812876701058144,0.00019745194662597798,False
Q23,初始含水率,1.0,T,3600.0,0.25,-2.9224799721156103,0.00019745194662597798,False
Q23,初始含水率,1.0,T,3600.0,0.5,-2.7493338307582604,0.00019745194662597798,False
Q23,初始含水率,1.0,T,3600.0,0.75,-2.4784237432839973,0.00019745194662597798,False
Q23,初始含水率,1.0,T,3600.0,1.0,-2.148894424329484,0.00019745194662597798,False
Q23,初始含水率,1.0,T,5400.0,0.0,-2.278591095791427,0.00013938626193607846,False
Q23,初始含水率,1.0,T,5400.0,0.25,-2.2255689190885164,0.00013938626193607846,False
Q23,初始含水率,1.0,T,5400.0,0.5,-2.072324769891054,0.00013938626193607846,False
Q23,初始含水率,1.0,T,5400.0,0.75,-1.8353134378592983,0.00013938626193607846,False
Q23,初始含水率,1.0,T,5400.0,1.0,-1.5366280088045414,0.00013938626193607846,False
Q23,初始含水率,1.0,T,7200.0,0.0,-1.2576225842746425,6.777568556693031e-05,False
Q23,初始含水率,1.0,T,7200.0,0.25,-1.2270883143465028,6.777568556693031e-05,False
Q23,初始含水率,1.0,T,7200.0,0.5,-1.1384393656328484,6.777568556693031e-05,False
Q23,初始含水率,1.0,T,7200.0,0.75,-1.0005900185092287,6.777568556693031e-05,False
Q23,初始含水率,1.0,T,7200.0,1.0,-0.8262027198199462,6.777568556693031e-05,False
Q23,初始含水率,1.0,T,9000.0,0.0,-0.5616011896648843,3.126332578479883e-05,False
Q23,初始含水率,1.0,T,9000.0,0.25,-0.5468823853743032,3.126332578479883e-05,False
Q23,初始含水率,1.0,T,9000.0,0.5,-0.5037642525124397,3.126332578479883e-05,False
Q23,初始含水率,1.0,T,9000.0,0.75,-0.4376113871252585,3.126332578479883e-05,False
Q23,初始含水率,1.0,T,9000.0,1.0,-0.36250708990550606,3.126332578479883e-05,False
Q23,初始含水率,1.0,T,10800.0,0.0,-0.2228705505100237,1.6933199640229944e-05,False
Q23,初始含水率,1.0,T,10800.0,0.25,-0.21831563887140248,1.6933199640229944e-05,False
Q23,初始含水率,1.0,T,10800.0,0.5,-0.2046314392480042,1.6933199640229944e-05,False
Q23,初始含水率,1.0,T,10800.0,0.75,-0.1821279465044512,1.6933199640229944e-05,False
Q23,初始含水率,1.0,T,10800.0,1.0,-0.1533212043831611,1.6933199640229944e-05,False
Q23,温度指数系数,1.0,C,1800.0,0.0,0.0088280048109457,0.00013117543611674244,False
Q23,温度指数系数,1.0,C,1800.0,0.25,0.0811113208937897,0.00013117543611674244,False
Q23,温度指数系数,1.0,C,1800.0,0.5,0.7755623625568697,0.00013117543611674244,False
Q23,温度指数系数,1.0,C,1800.0,0.75,1.7691467241129244,0.00013117543611674244,False
Q23,温度指数系数,1.0,C,1800.0,1.0,-3.5765782525430945,0.00013117543611674244,False
Q23,温度指数系数,1.0,C,3600.0,0.0,1.1426881951742685,0.00010814575430359817,False
Q23,温度指数系数,1.0,C,3600.0,0.25,1.704765880126935,0.00010814575430359817,False
Q23,温度指数系数,1.0,C,3600.0,0.5,2.6642524570151593,0.00010814575430359817,False
Q23,温度指数系数,1.0,C,3600.0,0.75,1.5834187117354404,0.00010814575430359817,False
Q23,温度指数系数,1.0,C,3600.0,1.0,-3.4097588525413114,0.00010814575430359817,False
Q23,温度指数系数,1.0,C,5400.0,0.0,4.051701779451999,0.00010368851648452876,False
Q23,温度指数系数,1.0,C,5400.0,0.25,4.092557407007269,0.00010368851648452876,False
Q23,温度指数系数,1.0,C,5400.0,0.5,3.566347921199342,0.00010368851648452876,False
Q23,温度指数系数,1.0,C,5400.0,0.75,1.2913507466093543,0.00010368851648452876,False
Q23,温度指数系数,1.0,C,5400.0,1.0,-3.0710230231261515,0.00010368851648452876,False
Q23,温度指数系数,1.0,C,7200.0,0.0,5.880388717711105,6.7278444743658e-05,False
Q23,温度指数系数,1.0,C,7200.0,0.25,5.4623007129814605,6.7278444743658e-05,False
Q23,温度指数系数,1.0,C,7200.0,0.5,4.0391321031669865,6.7278444743658e-05,False
Q23,温度指数系数,1.0,C,7200.0,0.75,1.3514457889371334,6.7278444743658e-05,False
Q23,温度指数系数,1.0,C,7200.0,1.0,-2.6267741316970072,6.7278444743658e-05,False
Q23,温度指数系数,1.0,C,9000.0,0.0,6.509245403915786,6.561083025842636e-05,False
Q23,温度指数系数,1.0,C,9000.0,0.25,5.9579776364569454,6.561083025842636e-05,False
Q23,温度指数系数,1.0,C,9000.0,0.5,4.3081876964383365,6.561083025842636e-05,False
Q23,温度指数系数,1.0,C,9000.0,0.75,1.606140392845723,6.561083025842636e-05,False
Q23,温度指数系数,1.0,C,9000.0,1.0,-2.1105365301861134,6.561083025842636e-05,False
Q23,温度指数系数,1.0,C,10800.0,0.0,6.608735947541522,6.237378891133893e-05,False
Q23,温度指数系数,1.0,C,10800.0,0.25,6.058054327983641,6.237378891133893e-05,False
Q23,温度指数系数,1.0,C,10800.0,0.5,4.448713642311996,6.237378891133893e-05,False
Q23,温度指数系数,1.0,C,10800.0,0.75,1.8888381440970825,6.237378891133893e-05,False
Q23,温度指数系数,1.0,C,10800.0,1.0,-1.6022600911369478,6.237378891133893e-05,False
Q23,温度指数系数,1.0,T,1800.0,0.0,-0.17947042924681966,0.00021384566404676343,False
Q23,温度指数系数,1.0,T,1800.0,0.25,-0.19377540508607183,0.00021384566404676343,False
Q23,温度指数系数,1.0,T,1800.0,0.5,-0.23657753174148866,0.00021384566404676343,False
Q23,温度指数系数,1.0,T,1800.0,0.75,-0.28864370734353884,0.00021384566404676343,False
Q23,温度指数系数,1.0,T,1800.0,1.0,-0.06659581709982376,0.00021384566404676343,False
Q23,温度指数系数,1.0,T,3600.0,0.0,-1.1349896246489521,0.00019760986174385833,False
Q23,温度指数系数,1.0,T,3600.0,0.25,-1.129907659401752,0.00019760986174385833,False
Q23,温度指数系数,1.0,T,3600.0,0.5,-1.09242581706539,0.00019760986174385833,False
Q23,温度指数系数,1.0,T,3600.0,0.75,-0.9619284396567451,0.00019760986174385833,False
Q23,温度指数系数,1.0,T,3600.0,1.0,-0.5375537413950582,0.00019760986174385833,False
Q23,温度指数系数,1.0,T,5400.0,0.0,-1.6247625379989472,0.00013947674324484436,False
Q23,温度指数系数,1.0,T,5400.0,0.25,-1.5753591483942841,0.00013947674324484436,False
Q23,温度指数系数,1.0,T,5400.0,0.5,-1.42994044161604,0.00013947674324484436,False
Q23,温度指数系数,1.0,T,5400.0,0.75,-1.1919900839142628,0.00013947674324484436,False
Q23,温度指数系数,1.0,T,5400.0,1.0,-0.8113980834604462,0.00013947674324484436,False
Q23,温度指数系数,1.0,T,7200.0,0.0,-1.2828589287074976,6.783837126030104e-05,False
Q23,温度指数系数,1.0,T,7200.0,0.25,-1.2407867795634075,6.783837126030104e-05,False
Q23,温度指数系数,1.0,T,7200.0,0.5,-1.1214420826689775,6.783837126030104e-05,False
Q23,温度指数系数,1.0,T,7200.0,0.75,-0.9385607939417895,6.783837126030104e-05,False
Q23,温度指数系数,1.0,T,7200.0,1.0,-0.6802890443907472,6.783837126030104e-05,False
Q23,温度指数系数,1.0,T,9000.0,0.0,-0.7299955442451989,3.1314775057683254e-05,False
Q23,温度指数系数,1.0,T,9000.0,0.25,-0.7068125412352799,3.1314775057683254e-05,False
Q23,温度指数系数,1.0,T,9000.0,0.5,-0.6409706766120848,3.1314775057683254e-05,False
Q23,温度指数系数,1.0,T,9000.0,0.75,-0.5419460086361738,3.1314775057683254e-05,False
Q23,温度指数系数,1.0,T,9000.0,1.0,-0.3982483410695181,3.1314775057683254e-05,False
Q23,温度指数系数,1.0,T,10800.0,0.0,-0.3531074085337593,1.6964480773222742e-05,False
Q23,温度指数系数,1.0,T,10800.0,0.25,-0.34475792324215604,1.6964480773222742e-05,False
Q23,温度指数系数,1.0,T,10800.0,0.5,-0.3184010355695932,1.6964480773222742e-05,False
Q23,温度指数系数,1.0,T,10800.0,0.75,-0.2728341858578176,1.6964480773222742e-05,False
Q23,温度指数系数,1.0,T,10800.0,1.0,-0.20329322984729004,1.6964480773222742e-05,False
Q23,初始半径,1.0,C,1800.0,0.0,0.001339019977630862,0.00013027563036012739,False
Q23,初始半径,1.0,C,1800.0,0.25,0.013927667754143336,0.00013027563036012739,False
Q23,初始半径,1.0,C,1800.0,0.5,0.14817515051082086,0.00013027563036012739,False
Q23,初始半径,1.0,C,1800.0,0.75,0.4589387579595927,0.00013027563036012739,False
Q23,初始半径,1.0,C,1800.0,1.0,0.036756731949072474,0.00013027563036012739,False
Q23,初始半径,1.0,C,3600.0,0.0,0.2222677185594657,0.00011149276127811934,False
Q23,初始半径,1.0,C,3600.0,0.25,0.34508265213812894,0.00011149276127811934,False
Q23,初始半径,1.0,C,3600.0,0.5,0.6045180054816912,0.00011149276127811934,False
Q23,初始半径,1.0,C,3600.0,0.75,0.6132243196583786,0.00011149276127811934,False
Q23,初始半径,1.0,C,3600.0,1.0,0.06692044366881644,0.00011149276127811934,False
Q23,初始半径,1.0,C,5400.0,0.0,0.856602045845567,0.00010412385314830187,False
Q23,初始半径,1.0,C,5400.0,0.25,0.8960599695184479,0.00010412385314830187,False
Q23,初始半径,1.0,C,5400.0,0.5,0.9002578489109014,0.00010412385314830187,False
Q23,初始半径,1.0,C,5400.0,0.75,0.664748744794752,0.00010412385314830187,False
Q23,初始半径,1.0,C,5400.0,1.0,0.14637652966995596,0.00010412385314830187,False
Q23,初始半径,1.0,C,7200.0,0.0,1.3020751694323707,6.581964776175176e-05,False
Q23,初始半径,1.0,C,7200.0,0.25,1.2543374926272888,6.581964776175176e-05,False
Q23,初始半径,1.0,C,7200.0,0.5,1.0824985181698166,6.581964776175176e-05,False
Q23,初始半径,1.0,C,7200.0,0.75,0.7459145992288807,6.581964776175176e-05,False
Q23,初始半径,1.0,C,7200.0,1.0,0.2604456018742374,6.581964776175176e-05,False
Q23,初始半径,1.0,C,9000.0,0.0,1.4957090196423328,6.715568201598538e-05,False
Q23,初始半径,1.0,C,9000.0,0.25,1.4209357808153467,6.715568201598538e-05,False
Q23,初始半径,1.0,C,9000.0,0.5,1.1986735279808869,6.715568201598538e-05,False
Q23,初始半径,1.0,C,9000.0,0.75,0.8424792442731976,6.715568201598538e-05,False
Q23,初始半径,1.0,C,9000.0,1.0,0.38110914075608626,6.715568201598538e-05,False
Q23,初始半径,1.0,C,10800.0,0.0,1.5707746554887936,6.308777790114061e-05,False
Q23,初始半径,1.0,C,10800.0,0.25,1.4937896234049508,6.308777790114061e-05,False
Q23,初始半径,1.0,C,10800.0,0.5,1.271113065344498,6.308777790114061e-05,False
Q23,初始半径,1.0,C,10800.0,0.75,0.9258750343241973,6.308777790114061e-05,False
Q23,初始半径,1.0,C,10800.0,1.0,0.4840610197081596,6.308777790114061e-05,False
Q23,初始半径,1.0,T,1800.0,0.0,-6.53695223391253,0.00021394582291157178,False
Q23,初始半径,1.0,T,1800.0,0.25,-6.3215373464995395,0.00021394582291157178,False
Q23,初始半径,1.0,T,1800.0,0.5,-5.651722820399385,0.00021394582291157178,False
Q23,初始半径,1.0,T,1800.0,0.75,-4.448935979830182,0.00021394582291157178,False
Q23,初始半径,1.0,T,1800.0,1.0,-2.520756174454064,0.00021394582291157178,False
Q23,初始半径,1.0,T,3600.0,0.0,-10.20189255893662,0.0001974491239724282,False
Q23,初始半径,1.0,T,3600.0,0.25,-9.846059379844974,0.0001974491239724282,False
Q23,初始半径,1.0,T,3600.0,0.5,-8.789468820842217,0.0001974491239724282,False
Q23,初始半径,1.0,T,3600.0,0.75,-7.084724932603947,0.0001974491239724282,False
Q23,初始半径,1.0,T,3600.0,1.0,-4.782771166643229,0.0001974491239724282,False
Q23,初始半径,1.0,T,5400.0,0.0,-7.945487361790526,0.0001394009509489002,False
Q23,初始半径,1.0,T,5400.0,0.25,-7.676689086581234,0.0001394009509489002,False
Q23,初始半径,1.0,T,5400.0,0.5,-6.893119820901106,0.0001394009509489002,False
Q23,初始半径,1.0,T,5400.0,0.75,-5.655929587195274,0.0001394009509489002,False
Q23,初始半径,1.0,T,5400.0,1.0,-4.047814527268656,0.0001394009509489002,False
Q23,初始半径,1.0,T,7200.0,0.0,-4.5556731833737985,6.779567639213905e-05,False
Q23,初始半径,1.0,T,7200.0,0.25,-4.407323663569329,6.779567639213905e-05,False
Q23,初始半径,1.0,T,7200.0,0.5,-3.9745265582638467,6.779567639213905e-05,False
Q23,初始半径,1.0,T,7200.0,0.75,-3.2952488956087933,6.779567639213905e-05,False
Q23,初始半径,1.0,T,7200.0,1.0,-2.4173807752895016,6.779567639213905e-05,False
Q23,初始半径,1.0,T,9000.0,0.0,-2.1139847144709734,3.128213470509499e-05,False
Q23,初始半径,1.0,T,9000.0,0.25,-2.0439450994768293,3.128213470509499e-05,False
Q23,初始半径,1.0,T,9000.0,0.5,-1.8392453775756934,3.128213470509499e-05,False
Q23,初始半径,1.0,T,9000.0,0.75,-1.53495286913774,3.128213470509499e-05,False
Q23,初始半径,1.0,T,9000.0,1.0,-1.1518271752116505,3.128213470509499e-05,False
Q23,初始半径,1.0,T,10800.0,0.0,-0.8815164079742033,1.6932575038039168e-05,False
Q23,初始半径,1.0,T,10800.0,0.25,-0.8625531155178834,1.6932575038039168e-05,False
Q23,初始半径,1.0,T,10800.0,0.5,-0.7988140550583722,1.6932575038039168e-05,False
Q23,初始半径,1.0,T,10800.0,0.75,-0.678206183738439,1.6932575038039168e-05,False
Q23,初始半径,1.0,T,10800.0,1.0,-0.4975607702569107,1.6932575038039168e-05,False
Q1,初始半径,0.5,C,100.0,0.0,0.0,0.0011627602293249205,False
Q1,初始半径,0.5,C,100.0,0.25,0.0,0.0011627602293249205,False
Q1,初始半径,0.5,C,100.0,0.5,0.0,0.0011627602293249205,False
Q1,初始半径,0.5,C,100.0,0.75,1.1186676474039814e-06,0.0011627602293249205,False
Q1,初始半径,0.5,C,100.0,1.0,0.004520245314809657,0.0011627602293249205,False
Q1,初始半径,0.5,C,300.0,0.0,0.0,0.000830548863498383,False
Q1,初始半径,0.5,C,300.0,0.25,0.0,0.000830548863498383,False
Q1,初始半径,0.5,C,300.0,0.5,3.473568099821023e-08,0.000830548863498383,False
Q1,初始半径,0.5,C,300.0,0.75,0.00798606606293717,0.000830548863498383,False
Q1,初始半径,0.5,C,300.0,1.0,0.012519439323099846,0.000830548863498383,False
Q1,初始半径,0.5,C,600.0,0.0,-8.881784197001252e-14,0.000639894570238165,False
Q1,初始半径,0.5,C,600.0,0.25,8.369260839913295e-09,0.000639894570238165,False
Q1,初始半径,0.5,C,600.0,0.5,0.00021159157235217663,0.000639894570238165,False
Q1,初始半径,0.5,C,600.0,0.75,0.08172631242144845,0.000639894570238165,False
Q1,初始半径,0.5,C,600.0,1.0,0.023206139639198042,0.000639894570238165,False
Q1,初始半径,0.5,C,900.0,0.0,2.531130860461417e-09,0.0005361467817485653,False
Q1,初始半径,0.5,C,900.0,0.25,5.51466294851366e-06,0.0005361467817485653,False
Q1,初始半径,0.5,C,900.0,0.5,0.004060332314681503,0.0005361467817485653,False
Q1,初始半径,0.5,C,900.0,0.75,0.18266710511669615,0.0005361467817485653,False
Q1,初始半径,0.5,C,900.0,1.0,0.03288621609929265,0.0005361467817485653,False
Q1,初始半径,0.5,C,1200.0,0.0,6.786394113333927e-07,0.0004665056146428949,False
Q1,初始半径,0.5,C,1200.0,0.25,0.00014533176937447934,0.0004665056146428949,False
Q1,初始半径,0.5,C,1200.0,0.5,0.018100505817431056,0.0004665056146428949,False
Q1,初始半径,0.5,C,1200.0,0.75,0.27579111587128224,0.0004665056146428949,False
Q1,初始半径,0.5,C,1200.0,1.0,0.0418392546059243,0.0004665056146428949,False
Q1,初始半径,0.5,C,1500.0,0.0,1.9224277281182367e-05,0.0004149289718051152,False
Q1,初始半径,0.5,C,1500.0,0.25,0.0010485654856395854,0.0004149289718051152,False
Q1,初始半径,0.5,C,1500.0,0.5,0.044720059798031286,0.0004149289718051152,False
Q1,初始半径,0.5,C,1500.0,0.75,0.3546392998032388,0.0004149289718051152,False
Q1,初始半径,0.5,C,1500.0,1.0,0.050220120530353185,0.0004149289718051152,False
Q1,初始半径,0.5,C,1800.0,0.0,0.00017702824983700793,0.00037455634195595537,False
Q1,初始半径,0.5,C,1800.0,0.25,0.003944631159846779,0.00037455634195595537,False
Q1,初始半径,0.5,C,1800.0,0.5,0.0820438990025707,0.00037455634195595537,False
Q1,初始半径,0.5,C,1800.0,0.75,0.4202395425611183,0.00037455634195595537,False
Q1,初始半径,0.5,C,1800.0,1.0,0.058130694208391454,0.00037455634195595537,False
Q1,初始半径,0.5,T,100.0,0.0,-0.0007495412340574603,0.00010428543536061246,False
Q1,初始半径,0.5,T,100.0,0.25,-0.003281354003092929,0.00010428543536061246,False
Q1,初始半径,0.5,T,100.0,0.5,-0.020904130319721048,0.00010428543536061246,False
Q1,初始半径,0.5,T,100.0,0.75,-0.06953363974773197,0.00010428543536061246,False
Q1,初始半径,0.5,T,100.0,1.0,-0.011777419411274082,0.00010428543536061246,False
Q1,初始半径,0.5,T,300.0,0.0,-0.22743846274657642,0.0002200675740643199,False
Q1,初始半径,0.5,T,300.0,0.25,-0.27576150349659656,0.0002200675740643199,False
Q1,初始半径,0.5,T,300.0,0.5,-0.3856061200934846,0.0002200675740643199,False
Q1,初始半径,0.5,T,300.0,0.75,-0.4302981252056526,0.0002200675740643199,False
Q1,初始半径,0.5,T,300.0,1.0,-0.10012135033861114,0.0002200675740643199,False
Q1,初始半径,0.5,T,600.0,0.0,-1.4405904685300897,0.00031552631195431416,False
Q1,初始半径,0.5,T,600.0,0.25,-1.4567356654321628,0.00031552631195431416,False
Q1,初始半径,0.5,T,600.0,0.5,-1.438230226967363,0.00031552631195431416,False
Q1,初始半径,0.5,T,600.0,0.75,-1.1904999337151168,0.00031552631195431416,False
Q1,初始半径,0.5,T,600.0,1.0,-0.3975918582831639,0.00031552631195431416,False
Q1,初始半径,0.5,T,900.0,0.0,-3.065094691681125,0.00037727616145761926,False
Q1,初始半径,0.5,T,900.0,0.25,-3.003874530197237,0.00037727616145761926,False
Q1,初始半径,0.5,T,900.0,0.5,-2.752072371028902,0.00037727616145761926,False
Q1,初始半径,0.5,T,900.0,0.75,-2.1235588703191866,0.00037727616145761926,False
Q1,初始半径,0.5,T,900.0,1.0,-0.8814330250825009,0.00037727616145761926,False
Q1,初始半径,0.5,T,1200.0,0.0,-4.671001696139854,0.00042388370499363466,False
Q1,初始半径,0.5,T,1200.0,0.25,-4.527339385522211,0.00042388370499363466,False
Q1,初始半径,0.5,T,1200.0,0.5,-4.049191187148438,0.00042388370499363466,False
Q1,初始半径,0.5,T,1200.0,0.75,-3.096713153765762,0.00042388370499363466,False
Q1,初始半径,0.5,T,1200.0,1.0,-1.462983222491232,0.00042388370499363466,False
Q1,初始半径,0.5,T,1500.0,0.0,-6.150191141247774,0.0004313721644566594,False
Q1,初始半径,0.5,T,1500.0,0.25,-5.936767228929085,0.0004313721644566594,False
Q1,初始半径,0.5,T,1500.0,0.5,-5.256165298328597,0.0004313721644566594,False
Q1,初始半径,0.5,T,1500.0,0.75,-3.9973763660427153,0.0004313721644566594,False
Q1,初始半径,0.5,T,1500.0,1.0,-2.0579902981715748,0.0004313721644566594,False
Q1,初始半径,0.5,T,1800.0,0.0,-7.297354922809518,0.00041776563875093236,False
Q1,初始半径,0.5,T,1800.0,0.25,-7.020852767119123,0.00041776563875093236,False
Q1,初始半径,0.5,T,1800.0,0.5,-6.182000588967895,0.00041776563875093236,False
Q1,初始半径,0.5,T,1800.0,0.75,-4.7394751612166885,0.00041776563875093236,False
Q1,初始半径,0.5,T,1800.0,1.0,-2.5910286217801115,0.00041776563875093236,False
Q1,体积热容量,0.5,C,100.0,0.0,0.0,0.0011627540777502372,True
Q1,体积热容量,0.5,C,100.0,0.25,0.0,0.0011627540777502372,True
Q1,体积热容量,0.5,C,100.0,0.5,0.0,0.0011627540777502372,True
Q1,体积热容量,0.5,C,100.0,0.75,-4.440892098500626e-14,0.0011627540777502372,True
Q1,体积热容量,0.5,C,100.0,1.0,2.2737367544323206e-11,0.0011627540777502372,True
Q1,体积热容量,0.5,C,300.0,0.0,8.881784197001252e-14,0.000830542916541107,True
Q1,体积热容量,0.5,C,300.0,0.25,-8.881784197001252e-14,0.000830542916541107,True
Q1,体积热容量,0.5,C,300.0,0.5,-4.440892098500626e-14,0.000830542916541107,True
Q1,体积热容量,0.5,C,300.0,0.75,-4.884981308350689e-13,0.000830542916541107,True
Q1,体积热容量,0.5,C,300.0,1.0,4.218847493575595e-12,0.000830542916541107,True
Q1,体积热容量,0.5,C,600.0,0.0,-8.881784197001252e-14,0.000639890839268961,True
Q1,体积热容量,0.5,C,600.0,0.25,-4.440892098500626e-14,0.000639890839268961,True
Q1,体积热容量,0.5,C,600.0,0.5,-3.1086244689504383e-13,0.000639890839268961,True
Q1,体积热容量,0.5,C,600.0,0.75,-2.398081733190338e-11,0.000639890839268961,True
Q1,体积热容量,0.5,C,600.0,1.0,6.636913241209186e-11,0.000639890839268961,True
Q1,体积热容量,0.5,C,900.0,0.0,-1.3322676295501878e-13,0.000536144010982638,True
Q1,体积热容量,0.5,C,900.0,0.25,-4.440892098500626e-14,0.000536144010982638,True
Q1,体积热容量,0.5,C,900.0,0.5,-1.7319479184152442e-12,0.000536144010982638,True
Q1,体积热容量,0.5,C,900.0,0.75,-1.318944953254686e-11,0.000536144010982638,True
Q1,体积热容量,0.5,C,900.0,1.0,3.652633751016765e-11,0.000536144010982638,True
Q1,体积热容量,0.5,C,1200.0,0.0,-1.3322676295501878e-13,0.00046650386667043534,True
Q1,体积热容量,0.5,C,1200.0,0.25,-1.3322676295501878e-13,0.00046650386667043534,True
Q1,体积热容量,0.5,C,1200.0,0.5,-4.085620730620576e-12,0.00046650386667043534,True
Q1,体积热容量,0.5,C,1200.0,0.75,-8.260059303211165e-12,0.00046650386667043534,True
Q1,体积热容量,0.5,C,1200.0,1.0,3.204103649068202e-11,0.00046650386667043534,True
Q1,体积热容量,0.5,C,1500.0,0.0,8.881784197001252e-14,0.00041492758119456144,True
Q1,体积热容量,0.5,C,1500.0,0.25,-4.884981308350689e-13,0.00041492758119456144,True
Q1,体积热容量,0.5,C,1500.0,0.5,-7.105427357601002e-12,0.00041492758119456144,True
Q1,体积热容量,0.5,C,1500.0,0.75,-3.863576125695545e-12,0.00041492758119456144,True
Q1,体积热容量,0.5,C,1500.0,1.0,3.161915174132446e-11,0.00041492758119456144,True
Q1,体积热容量,0.5,C,1800.0,0.0,-4.440892098500626e-14,0.00037455546032272205,True
Q1,体积热容量,0.5,C,1800.0,0.25,-7.549516567451064e-13,0.00037455546032272205,True
Q1,体积热容量,0.5,C,1800.0,0.5,-5.46229728115577e-12,0.00037455546032272205,True
Q1,体积热容量,0.5,C,1800.0,0.75,-1.7763568394002505e-13,0.00037455546032272205,True
Q1,体积热容量,0.5,C,1800.0,1.0,1.7785772854495008e-11,0.00037455546032272205,True
Q1,体积热容量,0.5,T,100.0,0.0,-0.0003989536921267245,0.00010428427015743366,False
Q1,体积热容量,0.5,T,100.0,0.25,-0.0017968773370569124,0.00010428427015743366,False
Q1,体积热容量,0.5,T,100.0,0.5,-0.01223642316787732,0.00010428427015743366,False
Q1,体积热容量,0.5,T,100.0,0.75,-0.04881506619689446,0.00010428427015743366,False
Q1,体积热容量,0.5,T,100.0,1.0,-0.08071844593047217,0.00010428427015743366,False
Q1,体积热容量,0.5,T,300.0,0.0,-0.13023844693229591,0.00022006683232116738,False
Q1,体积热容量,0.5,T,300.0,0.25,-0.16318215329995667,0.00022006683232116738,False
Q1,体积热容量,0.5,T,300.0,0.5,-0.2512902672677342,0.00022006683232116738,False
Q1,体积热容量,0.5,T,300.0,0.75,-0.3523511712398175,0.00022006683232116738,False
Q1,体积热容量,0.5,T,300.0,1.0,-0.3557964246176937,0.00022006683232116738,False
Q1,体积热容量,0.5,T,600.0,0.0,-0.8806509090849346,0.0003155281019799324,False
Q1,体积热容量,0.5,T,600.0,0.25,-0.9153518378319347,0.0003155281019799324,False
Q1,体积热容量,0.5,T,600.0,0.5,-0.9905186460663629,0.0003155281019799324,False
Q1,体积热容量,0.5,T,600.0,0.75,-1.0218461122143196,0.0003155281019799324,False
Q1,体积热容量,0.5,T,600.0,1.0,-0.8695713636114988,0.0003155281019799324,False
Q1,体积热容量,0.5,T,900.0,0.0,-1.9513778657472614,0.00037727763512055275,False
Q1,体积热容量,0.5,T,900.0,0.25,-1.9575299017475345,0.00037727763512055275,False
Q1,体积热容量,0.5,T,900.0,0.5,-1.9437290919146477,0.00037727763512055275,False
Q1,体积热容量,0.5,T,900.0,0.75,-1.81989189793903,0.00037727763512055275,False
Q1,体积热容量,0.5,T,900.0,1.0,-1.465850077623898,0.00037727763512055275,False
Q1,体积热容量,0.5,T,1200.0,0.0,-3.0612584431764844,0.0004238831367491517,False
Q1,体积热容量,0.5,T,1200.0,0.25,-3.027950804648327,0.0004238831367491517,False
Q1,体积热容量,0.5,T,1200.0,0.5,-2.9048819803190185,0.0004238831367491517,False
Q1,体积热容量,0.5,T,1200.0,0.75,-2.6224716199969578,0.0004238831367491517,False
Q1,体积热容量,0.5,T,1200.0,1.0,-2.0754246095116002,0.0004238831367491517,False
Q1,体积热容量,0.5,T,1500.0,0.0,-4.110388060448145,0.0004313708006132113,False
Q1,体积热容量,0.5,T,1500.0,0.25,-4.04080014030086,0.0004313708006132113,False
Q1,体积热容量,0.5,T,1500.0,0.5,-3.8104583683598037,0.0004313708006132113,False
Q1,体积热容量,0.5,T,1500.0,0.75,-3.3572714353944377,0.0004313708006132113,False
Q1,体积热容量,0.5,T,1500.0,1.0,-2.6082606250305673,0.0004313708006132113,False
Q1,体积热容量,0.5,T,1800.0,0.0,-4.959573564993747,0.00041776059230510404,False
Q1,体积热容量,0.5,T,1800.0,0.25,-4.851275091194651,0.00041776059230510404,False
Q1,体积热容量,0.5,T,1800.0,0.5,-4.519743217293382,0.00041776059230510404,False
Q1,体积热容量,0.5,T,1800.0,0.75,-3.940176476649526,0.00041776059230510404,False
Q1,体积热容量,0.5,T,1800.0,1.0,-3.0555669557671195,0.00041776059230510404,False
Q1,初始含水率,0.5,C,100.0,0.0,2.5499999999999634,0.0011627566105170688,False
Q1,初始含水率,0.5,C,100.0,0.25,2.5499999999999634,0.0011627566105170688,False
Q1,初始含水率,0.5,C,100.0,0.5,2.5499999999999634,0.0011627566105170688,False
Q1,初始含水率,0.5,C,100.0,0.75,2.5499997704567345,0.0011627566105170688,False
Q1,初始含水率,0.5,C,100.0,1.0,2.2960956682545053,0.0011627566105170688,False
Q1,初始含水率,0.5,C,300.0,0.0,2.549999999999919,0.0008305449195925889,False
Q1,初始含水率,0.5,C,300.0,0.25,2.5499999999999634,0.0008305449195925889,False
Q1,初始含水率,0.5,C,300.0,0.5,2.549999993137275,0.0008305449195925889,False
Q1,初始含水率,0.5,C,300.0,0.75,2.547911580069595,0.0008305449195925889,False
Q1,初始含水率,0.5,C,300.0,1.0,2.1296629135774126,0.0008305449195925889,False
Q1,初始含水率,0.5,C,600.0,0.0,2.550000000000008,0.000639892266833844,False
Q1,初始含水率,0.5,C,600.0,0.25,2.549999998368202,0.000639892266833844,False
Q1,初始含水率,0.5,C,600.0,0.5,2.5499531894048744,0.000639892266833844,False
Q1,初始含水率,0.5,C,600.0,0.75,2.522590113695644,0.000639892266833844,False
Q1,初始含水率,0.5,C,600.0,1.0,1.980368369304375,0.000639892266833844,False
Q1,初始含水率,0.5,C,900.0,0.0,2.5499999995146627,0.0005361450482421669,False
Q1,初始含水率,0.5,C,900.0,0.25,2.549998862781866,0.0005361450482421669,False
Q1,初始含水率,0.5,C,900.0,0.5,2.5490108724119054,0.0005361450482421669,False
Q1,初始含水率,0.5,C,900.0,0.75,2.4767427810169718,0.0005361450482421669,False
Q1,初始含水率,0.5,C,900.0,1.0,1.8740666198518996,0.0005361450482421669,False
Q1,初始含水率,0.5,C,1200.0,0.0,2.549999865001773,0.0004665045409703438,False
Q1,初始含水率,0.5,C,1200.0,0.25,2.5499684664486377,0.0004665045409703438,False
Q1,初始含水率,0.5,C,1200.0,0.5,2.5451979728276175,0.0004665045409703438,False
Q1,初始含水率,0.5,C,1200.0,0.75,2.4229709711293346,0.0004665045409703438,False
Q1,初始含水率,0.5,C,1200.0,1.0,1.789489060623084,0.0004665045409703438,False
Q1,初始含水率,0.5,C,1500.0,0.0,2.549996044353886,0.0004149281166702684,False
Q1,初始含水率,0.5,C,1500.0,0.25,2.5497614227401044,0.0004149281166702684,False
Q1,初始含水率,0.5,C,1500.0,0.5,2.5371911449911355,0.0004149281166702684,False
Q1,初始含水率,0.5,C,1500.0,0.75,2.3672278290515436,0.0004149281166702684,False
Q1,初始含水率,0.5,C,1500.0,1.0,1.7184933171993766,0.0004149281166702684,False
Q1,初始含水率,0.5,C,1800.0,0.0,2.5499623737501143,0.000374555739788382,False
Q1,初始含水率,0.5,C,1800.0,0.25,2.549061398307506,0.000374555739788382,False
Q1,初始含水率,0.5,C,1800.0,0.5,2.5248106068488596,0.000374555739788382,False
Q1,初始含水率,0.5,C,1800.0,0.75,2.3120301309946356,0.000374555739788382,False
Q1,初始含水率,0.5,C,1800.0,1.0,1.6569530830475188,0.000374555739788382,False
Q1,初始含水率,0.5,T,100.0,0.0,-1.0658141036401503e-12,0.00010428448618951812,True
Q1,初始含水率,0.5,T,100.0,0.25,0.0,0.00010428448618951812,True
Q1,初始含水率,0.5,T,100.0,0.5,0.0,0.00010428448618951812,True
Q1,初始含水率,0.5,T,100.0,0.75,-1.7763568394002505e-12,0.00010428448618951812,True
Q1,初始含水率,0.5,T,100.0,1.0,3.552713678800501e-12,0.00010428448618951812,True
Q1,初始含水率,0.5,T,300.0,0.0,0.0,0.00022006772755577448,True
Q1,初始含水率,0.5,T,300.0,0.25,2.1316282072803006e-12,0.00022006772755577448,True
Q1,初始含水率,0.5,T,300.0,0.5,-3.552713678800501e-12,0.00022006772755577448,True
Q1,初始含水率,0.5,T,300.0,0.75,7.460698725481052e-12,0.00022006772755577448,True
Q1,初始含水率,0.5,T,300.0,1.0,-8.526512829121202e-12,0.00022006772755577448,True
Q1,初始含水率,0.5,T,600.0,0.0,3.154809746774845e-10,0.0003155293621531573,True
Q1,初始含水率,0.5,T,600.0,0.25,2.8386182293616e-10,0.0003155293621531573,True
Q1,初始含水率,0.5,T,600.0,0.5,1.7337242752546445e-10,0.0003155293621531573,True
Q1,初始含水率,0.5,T,600.0,0.75,5.1869619710487314e-11,0.0003155293621531573,True
Q1,初始含水率,0.5,T,600.0,1.0,1.9184653865522705e-11,0.0003155293621531573,True
Q1,初始含水率,0.5,T,900.0,0.0,8.000711204658728e-10,0.0003772788063572477,True
Q1,初始含水率,0.5,T,900.0,0.25,7.744915819785092e-10,0.0003772788063572477,True
Q1,初始含水率,0.5,T,900.0,0.5,6.963318810448982e-10,0.0003772788063572477,True
Q1,初始含水率,0.5,T,900.0,0.75,5.769607014372014e-10,0.0003772788063572477,True
Q1,初始含水率,0.5,T,900.0,1.0,4.320099833421409e-10,0.0003772788063572477,True
Q1,初始含水率,0.5,T,1200.0,0.0,6.103562100179261e-10,0.00042388523181328665,True
Q1,初始含水率,0.5,T,1200.0,0.25,5.95434812566964e-10,0.00042388523181328665,True
Q1,初始含水率,0.5,T,1200.0,0.5,5.361044941309956e-10,0.00042388523181328665,True
Q1,初始含水率,0.5,T,1200.0,0.75,4.447997525858227e-10,0.00042388523181328665,True
Q1,初始含水率,0.5,T,1200.0,1.0,3.502975687297294e-10,0.00042388523181328665,True
Q1,初始含水率,0.5,T,1500.0,0.0,4.732214620162267e-10,0.00043137317576704044,True
Q1,初始含水率,0.5,T,1500.0,0.25,4.590106073010247e-10,0.00043137317576704044,True
Q1,初始含水率,0.5,T,1500.0,0.5,4.199307568342192e-10,0.00043137317576704044,True
Q1,初始含水率,0.5,T,1500.0,0.75,3.495870259939693e-10,0.00043137317576704044,True
Q1,初始含水率,0.5,T,1500.0,1.0,2.6290081223123707e-10,0.00043137317576704044,True
Q1,初始含水率,0.5,T,1800.0,0.0,3.68771679859492e-10,0.0004177631032553047,True
Q1,初始含水率,0.5,T,1800.0,0.25,3.495870259939693e-10,0.0004177631032553047,True
Q1,初始含水率,0.5,T,1800.0,0.5,3.289812866569264e-10,0.0004177631032553047,True
Q1,初始含水率,0.5,T,1800.0,0.75,2.856381797755603e-10,0.0004177631032553047,True
Q1,初始含水率,0.5,T,1800.0,1.0,1.9682033780554775e-10,0.0004177631032553047,True
Q1,对流传质系数,0.5,C,100.0,0.0,0.0,0.0011627488100957074,False
Q1,对流传质系数,0.5,C,100.0,0.25,0.0,0.0011627488100957074,False
Q1,对流传质系数,0.5,C,100.0,0.5,0.0,0.0011627488100957074,False
Q1,对流传质系数,0.5,C,100.0,0.75,-3.9683545338675685e-08,0.0011627488100957074,False
Q1,对流传质系数,0.5,C,100.0,1.0,-0.2776164686419502,0.0011627488100957074,False
Q1,对流传质系数,0.5,C,300.0,0.0,-1.7763568394002505e-13,0.0008305378589523194,False
Q1,对流传质系数,0.5,C,300.0,0.25,8.881784197001252e-14,0.0008305378589523194,False
Q1,对流传质系数,0.5,C,300.0,0.5,-9.190426197847046e-10,0.0008305378589523194,False
Q1,对流传质系数,0.5,C,300.0,0.75,-0.0007272411526315636,0.0008305378589523194,False
Q1,对流传质系数,0.5,C,300.0,1.0,-0.4290757476666851,0.0008305378589523194,False
Q1,对流传质系数,0.5,C,600.0,0.0,-4.440892098500626e-14,0.00063988588334425,False
Q1,对流传质系数,0.5,C,600.0,0.25,-1.9380053117856733e-10,0.00063988588334425,False
Q1,对流传质系数,0.5,C,600.0,0.5,-1.0247456749823414e-05,0.00063988588334425,False
Q1,对流传质系数,0.5,C,600.0,0.75,-0.012478006845073608,0.00063988588334425,False
Q1,对流传质系数,0.5,C,600.0,1.0,-0.5433267250871676,0.00063988588334425,False
Q1,对流传质系数,0.5,C,900.0,0.0,-5.027089855502709e-11,0.000536139408439127,False
Q1,对流传质系数,0.5,C,900.0,0.25,-1.8206471885662268e-07,0.000536139408439127,False
Q1,对流传质系数,0.5,C,900.0,0.5,-0.00027208666533162784,0.000536139408439127,False
Q1,对流传质系数,0.5,C,900.0,0.75,-0.036394495894365164,0.000536139408439127,False
Q1,对流传质系数,0.5,C,900.0,1.0,-0.61173099331433,0.000536139408439127,False
Q1,对流传质系数,0.5,C,1200.0,0.0,-1.7451151634872986e-08,0.0004664994534563413,False
Q1,对流传质系数,0.5,C,1200.0,0.25,-6.08426797832351e-06,0.0004664994534563413,False
Q1,对流传质系数,0.5,C,1200.0,0.5,-0.0015026709182741627,0.0004664994534563413,False
Q1,对流传质系数,0.5,C,1200.0,0.75,-0.06513922557842555,0.0004664994534563413,False
Q1,对流传质系数,0.5,C,1200.0,1.0,-0.6582346623028812,0.0004664994534563413,False
Q1,对流传质系数,0.5,C,1500.0,0.0,-6.001369179386984e-07,0.00041492363075064685,False
Q1,对流传质系数,0.5,C,1500.0,0.25,-5.2288673257905316e-05,0.00041492363075064685,False
Q1,对流传质系数,0.5,C,1500.0,0.5,-0.0043368392488751795,0.00041492363075064685,False
Q1,对流传质系数,0.5,C,1500.0,0.75,-0.09445515185735331,0.00041492363075064685,False
Q1,对流传质系数,0.5,C,1500.0,1.0,-0.6917315013096337,0.00041492363075064685,False
Q1,对流传质系数,0.5,C,1800.0,0.0,-6.442259214978208e-06,0.00037455173421213834,False
Q1,对流传质系数,0.5,C,1800.0,0.25,-0.00022536444799214905,0.00037455173421213834,False
Q1,对流传质系数,0.5,C,1800.0,0.5,-0.008963829998842598,0.00037455173421213834,False
Q1,对流传质系数,0.5,C,1800.0,0.75,-0.1224477137751645,0.00037455173421213834,False
Q1,对流传质系数,0.5,C,1800.0,1.0,-0.7166209662930134,0.00037455173421213834,False
Q1,对流传质系数,0.5,T,100.0,0.0,0.0,0.00010428449059996826,True
Q1,对流传质系数,0.5,T,100.0,0.25,-1.0658141036401503e-12,0.00010428449059996826,True
Q1,对流传质系数,0.5,T,100.0,0.5,-1.0658141036401503e-12,0.00010428449059996826,True
Q1,对流传质系数,0.5,T,100.0,0.75,1.8474111129762605e-11,0.00010428449059996826,True
Q1,对流传质系数,0.5,T,100.0,1.0,-4.725109192804666e-11,0.00010428449059996826,True
Q1,对流传质系数,0.5,T,300.0,0.0,-7.105427357601002e-13,0.00022006693333080263,True
Q1,对流传质系数,0.5,T,300.0,0.25,-1.4566126083082054e-11,0.00022006693333080263,True
Q1,对流传质系数,0.5,T,300.0,0.5,3.375077994860476e-11,0.00022006693333080263,True
Q1,对流传质系数,0.5,T,300.0,0.75,-7.673861546209082e-11,0.00022006693333080263,True
Q1,对流传质系数,0.5,T,300.0,1.0,8.100187187665142e-11,0.00022006693333080263,True
Q1,对流传质系数,0.5,T,600.0,0.0,-3.19033688356285e-10,0.0003155293174694424,True
Q1,对流传质系数,0.5,T,600.0,0.25,-2.870592652470805e-10,0.0003155293174694424,True
Q1,对流传质系数,0.5,T,600.0,0.5,-1.7408297026122455e-10,0.0003155293174694424,True
Q1,对流传质系数,0.5,T,600.0,0.75,-6.004086117172847e-11,0.0003155293174694424,True
Q1,对流传质系数,0.5,T,600.0,1.0,-1.9184653865522705e-11,0.0003155293174694424,True
Q1,对流传质系数,0.5,T,900.0,0.0,-1.4921397450962104e-10,0.0003772801683819125,True
Q1,对流传质系数,0.5,T,900.0,0.25,-1.3997691894473974e-10,0.0003772801683819125,True
Q1,对流传质系数,0.5,T,900.0,0.5,-1.1759482276829658e-10,0.0003772801683819125,True
Q1,对流传质系数,0.5,T,900.0,0.75,-9.237055564881302e-11,0.0003772801683819125,True
Q1,对流传质系数,0.5,T,900.0,1.0,-6.430411758628907e-11,0.0003772801683819125,True
Q1,对流传质系数,0.5,T,1200.0,0.0,-1.0658141036401503e-10,0.00042388626563957354,True
Q1,对流传质系数,0.5,T,1200.0,0.25,-9.841016890277388e-11,0.00042388626563957354,True
Q1,对流传质系数,0.5,T,1200.0,0.5,-8.952838470577262e-11,0.00042388626563957354,True
Q1,对流传质系数,0.5,T,1200.0,0.75,-7.958078640513122e-11,0.00042388626563957354,True
Q1,对流传质系数,0.5,T,1200.0,1.0,-4.831690603168681e-11,0.00042388626563957354,True
Q1,对流传质系数,0.5,T,1500.0,0.0,-1.893596390800667e-10,0.0004313731483471662,True
Q1,对流传质系数,0.5,T,1500.0,0.25,-1.7550405573274475e-10,0.0004313731483471662,True
Q1,对流传质系数,0.5,T,1500.0,0.5,-1.2505552149377763e-10,0.0004313731483471662,True
Q1,对流传质系数,0.5,T,1500.0,0.75,-6.039613253960852e-11,0.0004313731483471662,True
Q1,对流传质系数,0.5,T,1500.0,1.0,-2.0605739337042905e-11,0.0004313731483471662,True
Q1,对流传质系数,0.5,T,1800.0,0.0,-5.5422333389287814e-11,0.0004177643004164449,True
Q1,对流传质系数,0.5,T,1800.0,0.25,-3.055333763768431e-11,0.0004177643004164449,True
Q1,对流传质系数,0.5,T,1800.0,0.5,2.2737367544323206e-11,0.0004177643004164449,True
Q1,对流传质系数,0.5,T,1800.0,0.75,6.536993168992922e-11,0.0004177643004164449,True
Q1,对流传质系数,0.5,T,1800.0,1.0,6.679101716144942e-11,0.0004177643004164449,True
Q23,温度指数系数,0.5,C,1800.0,0.0,0.007936383759599153,0.00026100973299090477,False
Q23,温度指数系数,0.5,C,1800.0,0.25,0.07867999653030644,0.00026100973299090477,False
Q23,温度指数系数,0.5,C,1800.0,0.5,0.7754645681719463,0.00026100973299090477,False
Q23,温度指数系数,0.5,C,1800.0,0.75,1.7718375762481031,0.00026100973299090477,False
Q23,温度指数系数,0.5,C,1800.0,1.0,-3.577166122597042,0.00026100973299090477,False
Q23,温度指数系数,0.5,C,3600.0,0.0,1.1358692161723027,0.00022143029278402212,False
Q23,温度指数系数,0.5,C,3600.0,0.25,1.7039284806229293,0.00022143029278402212,False
Q23,温度指数系数,0.5,C,3600.0,0.5,2.669177869577588,0.00022143029278402212,False
Q23,温度指数系数,0.5,C,3600.0,0.75,1.58248660301461,0.00022143029278402212,False
Q23,温度指数系数,0.5,C,3600.0,1.0,-3.410827948341222,0.00022143029278402212,False
Q23,温度指数系数,0.5,C,5400.0,0.0,4.063954185731422,0.00020810817347690974,False
Q23,温度指数系数,0.5,C,5400.0,0.25,4.102622286400548,0.00020810817347690974,False
Q23,温度指数系数,0.5,C,5400.0,0.5,3.569654637827746,0.00020810817347690974,False
Q23,温度指数系数,0.5,C,5400.0,0.75,1.288288668790405,0.00020810817347690974,False
Q23,温度指数系数,0.5,C,5400.0,1.0,-3.073048931395328,0.00020810817347690974,False
Q23,温度指数系数,0.5,C,7200.0,0.0,5.898529691797183,0.0001320224241713205,False
Q23,温度指数系数,0.5,C,7200.0,0.25,5.475755127824344,0.0001320224241713205,False
Q23,温度指数系数,0.5,C,7200.0,0.5,4.042786931529396,0.0001320224241713205,False
Q23,温度指数系数,0.5,C,7200.0,0.75,1.3482479164927286,0.0001320224241713205,False
Q23,温度指数系数,0.5,C,7200.0,1.0,-2.629619270671313,0.0001320224241713205,False
Q23,温度指数系数,0.5,C,9000.0,0.0,6.523139238523323,0.0001336151114003399,False
Q23,温度指数系数,0.5,C,9000.0,0.25,5.968608428841238,0.0001336151114003399,False
Q23,温度指数系数,0.5,C,9000.0,0.5,4.311785639123866,0.0001336151114003399,False
Q23,温度指数系数,0.5,C,9000.0,0.75,1.6043072375797607,0.0001336151114003399,False
Q23,温度指数系数,0.5,C,9000.0,1.0,-2.1124234620029547,0.0001336151114003399,False
Q23,温度指数系数,0.5,C,10800.0,0.0,6.616926819903202,0.00012586178720143675,False
Q23,温度指数系数,0.5,C,10800.0,0.25,6.064517676112224,0.00012586178720143675,False
Q23,温度指数系数,0.5,C,10800.0,0.5,4.451360590818343,0.00012586178720143675,False
Q23,温度指数系数,0.5,C,10800.0,0.75,1.8884014770210733,0.00012586178720143675,False
Q23,温度指数系数,0.5,C,10800.0,1.0,-1.6023796880006214,0.00012586178720143675,False
Q23,温度指数系数,0.5,T,1800.0,0.0,-0.17923949846760934,0.00042784161003722845,False
Q23,温度指数系数,0.5,T,1800.0,0.25,-0.19355787680765957,0.00042784161003722845,False
Q23,温度指数系数,0.5,T,1800.0,0.5,-0.2364965297680044,0.00042784161003722845,False
Q23,温度指数系数,0.5,T,1800.0,0.75,-0.28884114497955693,0.00042784161003722845,False
Q23,温度指数系数,0.5,T,1800.0,1.0,-0.0665423853135394,0.00042784161003722845,False
Q23,温度指数系数,0.5,T,3600.0,0.0,-1.13491270751922,0.0003949851533980817,False
Q23,温度指数系数,0.5,T,3600.0,0.25,-1.1300045238364476,0.0003949851533980817,False
Q23,温度指数系数,0.5,T,3600.0,0.5,-1.092796271289842,0.0003949851533980817,False
Q23,温度指数系数,0.5,T,3600.0,0.75,-0.9622474167187534,0.0003949851533980817,False
Q23,温度指数系数,0.5,T,3600.0,1.0,-0.5374810852458722,0.0003949851533980817,False
Q23,温度指数系数,0.5,T,5400.0,0.0,-1.6260956019991113,0.0002788219743805329,False
Q23,温度指数系数,0.5,T,5400.0,0.25,-1.5765633462137885,0.0002788219743805329,False
Q23,温度指数系数,0.5,T,5400.0,0.5,-1.430816842113103,0.0002788219743805329,False
Q23,温度指数系数,0.5,T,5400.0,0.75,-1.1924478276426953,0.0002788219743805329,False
Q23,温度指数系数,0.5,T,5400.0,1.0,-0.8114927048538334,0.0002788219743805329,False
Q23,温度指数系数,0.5,T,7200.0,0.0,-1.2841343260106441,0.00013558354714378695,False
Q23,温度指数系数,0.5,T,7200.0,0.25,-1.2419586933795301,0.00013558354714378695,False
Q23,温度指数系数,0.5,T,7200.0,0.5,-1.1223553470671277,0.00013558354714378695,False
Q23,温度指数系数,0.5,T,7200.0,0.75,-0.9391516299963598,0.00013558354714378695,False
Q23,温度指数系数,0.5,T,7200.0,1.0,-0.6806066429959401,0.00013558354714378695,False
Q23,温度指数系数,0.5,T,9000.0,0.0,-0.7306725366206024,6.255456256849347e-05,False
Q23,温度指数系数,0.5,T,9000.0,0.25,-0.7074538540990716,6.255456256849347e-05,False
Q23,温度指数系数,0.5,T,9000.0,0.5,-0.6415180244083274,6.255456256849347e-05,False
Q23,温度指数系数,0.5,T,9000.0,0.75,-0.5423651940077434,6.255456256849347e-05,False
Q23,温度指数系数,0.5,T,9000.0,1.0,-0.39853863144969637,6.255456256849347e-05,False
Q23,温度指数系数,0.5,T,10800.0,0.0,-0.35337512369579827,3.3881064665102316e-05,False
Q23,温度指数系数,0.5,T,10800.0,0.25,-0.3450175167351688,3.3881064665102316e-05,False
Q23,温度指数系数,0.5,T,10800.0,0.5,-0.31863412218484655,3.3881064665102316e-05,False
Q23,温度指数系数,0.5,T,10800.0,0.75,-0.27302046198727226,3.3881064665102316e-05,False
Q23,温度指数系数,0.5,T,10800.0,1.0,-0.2034333220152007,3.3881064665102316e-05,False
Q23,含水率指数系数,0.5,C,1800.0,0.0,0.00010744198437606656,0.00026053983098141514,False
Q23,含水率指数系数,0.5,C,1800.0,0.25,0.0011086930660653138,0.00026053983098141514,False
Q23,含水率指数系数,0.5,C,1800.0,0.5,0.011496044980763287,0.00026053983098141514,False
Q23,含水率指数系数,0.5,C,1800.0,0.75,0.030185886963041142,0.00026053983098141514,False
Q23,含水率指数系数,0.5,C,1800.0,1.0,-0.06657665855467343,0.00026053983098141514,False
Q23,含水率指数系数,0.5,C,3600.0,0.0,0.016965744934038796,0.0002231711991323675,False
Q23,含水率指数系数,0.5,C,3600.0,0.25,0.026390409282406324,0.0002231711991323675,False
Q23,含水率指数系数,0.5,C,3600.0,0.5,0.04536747227041893,0.0002231711991323675,False
Q23,含水率指数系数,0.5,C,3600.0,0.75,0.03389889075746666,0.0002231711991323675,False
Q23,含水率指数系数,0.5,C,3600.0,1.0,-0.07089779205491364,0.0002231711991323675,False
Q23,含水率指数系数,0.5,C,5400.0,0.0,0.06689109125361803,0.00020834113679777348,False
Q23,含水率指数系数,0.5,C,5400.0,0.25,0.07009721730359963,0.00020834113679777348,False
Q23,含水率指数系数,0.5,C,5400.0,0.5,0.06791332240898562,0.00020834113679777348,False
Q23,含水率指数系数,0.5,C,5400.0,0.75,0.03203642121984984,0.00020834113679777348,False
Q23,含水率指数系数,0.5,C,5400.0,1.0,-0.07029647198679712,0.00020834113679777348,False
Q23,含水率指数系数,0.5,C,7200.0,0.0,0.10700586974010662,0.00013157815151352835,False
Q23,含水率指数系数,0.5,C,7200.0,0.25,0.1025429568743963,0.00013157815151352835,False
Q23,含水率指数系数,0.5,C,7200.0,0.5,0.08341239055544847,0.00013157815151352835,False
Q23,含水率指数系数,0.5,C,7200.0,0.75,0.0349019388985683,0.00013157815151352835,False
Q23,含水率指数系数,0.5,C,7200.0,1.0,-0.06727693721106931,0.00013157815151352835,False
Q23,含水率指数系数,0.5,C,9000.0,0.0,0.1294348161127168,0.00013441296964235075,False
Q23,含水率指数系数,0.5,C,9000.0,0.25,0.12163815952850321,0.00013441296964235075,False
Q23,含水率指数系数,0.5,C,9000.0,0.5,0.09536870285808963,0.00013441296964235075,False
Q23,含水率指数系数,0.5,C,9000.0,0.75,0.04158184965419309,0.00013441296964235075,False
Q23,含水率指数系数,0.5,C,9000.0,1.0,-0.06251702910595736,0.00013441296964235075,False
Q23,含水率指数系数,0.5,C,10800.0,0.0,0.14261501161201284,0.00012623023009659717,False
Q23,含水率指数系数,0.5,C,10800.0,0.25,0.1337710607680842,0.00012623023009659717,False
Q23,含水率指数系数,0.5,C,10800.0,0.5,0.10525485784604882,0.00012623023009659717,False
Q23,含水率指数系数,0.5,C,10800.0,0.75,0.04959841575116197,0.00012623023009659717,False
Q23,含水率指数系数,0.5,C,10800.0,1.0,-0.05723532415891075,0.00012623023009659717,False
Q23,含水率指数系数,0.5,T,1800.0,0.0,-0.002862069061393413,0.0004278892398087552,False
Q23,含水率指数系数,0.5,T,1800.0,0.25,-0.0030960603389473818,0.0004278892398087552,False
Q23,含水率指数系数,0.5,T,1800.0,0.5,-0.003805357758324135,0.0004278892398087552,False
Q23,含水率指数系数,0.5,T,1800.0,0.75,-0.004773082252285121,0.0004278892398087552,False
Q23,含水率指数系数,0.5,T,1800.0,1.0,-0.0012658076485649872,0.0004278892398087552,False
Q23,含水率指数系数,0.5,T,3600.0,0.0,-0.019264846776678723,0.00039490684370249403,False
Q23,含水率指数系数,0.5,T,3600.0,0.25,-0.019264670964247443,0.00039490684370249403,False
Q23,含水率指数系数,0.5,T,3600.0,0.5,-0.01890068378571641,0.00039490684370249403,False
Q23,含水率指数系数,0.5,T,3600.0,0.75,-0.01716305713657107,0.00039490684370249403,False
Q23,含水率指数系数,0.5,T,3600.0,1.0,-0.009716343588195286,0.00039490684370249403,False
Q23,含水率指数系数,0.5,T,5400.0,0.0,-0.02934700765919729,0.00027877627730326564,False
Q23,含水率指数系数,0.5,T,5400.0,0.25,-0.028566979995048314,0.00027877627730326564,False
Q23,含水率指数系数,0.5,T,5400.0,0.5,-0.026229639924224557,0.00027877627730326564,False
Q23,含水率指数系数,0.5,T,5400.0,0.75,-0.022272929738420544,0.00027877627730326564,False
Q23,含水率指数系数,0.5,T,5400.0,1.0,-0.01513778099706542,0.00027877627730326564,False
Q23,含水率指数系数,0.5,T,7200.0,0.0,-0.0245462030036947,0.00013555209746078312,False
Q23,含水率指数系数,0.5,T,7200.0,0.25,-0.023798179172018763,0.00013555209746078312,False
Q23,含水率指数系数,0.5,T,7200.0,0.5,-0.021656665610692016,0.00013555209746078312,False
Q23,含水率指数系数,0.5,T,7200.0,0.75,-0.0183097213366068,0.00013555209746078312,False
Q23,含水率指数系数,0.5,T,7200.0,1.0,-0.013181276218432458,0.00013555209746078312,False
Q23,含水率指数系数,0.5,T,9000.0,0.0,-0.014709254154610107,6.253013014506892e-05,False
Q23,含水率指数系数,0.5,T,9000.0,0.25,-0.014259958701501319,6.253013014506892e-05,False
Q23,含水率指数系数,0.5,T,9000.0,0.5,-0.012977520856338742,6.253013014506892e-05,False
Q23,含水率指数系数,0.5,T,9000.0,0.75,-0.011028704034998782,6.253013014506892e-05,False
Q23,含水率指数系数,0.5,T,9000.0,1.0,-0.007960465419643015,6.253013014506892e-05,False
Q23,含水率指数系数,0.5,T,10800.0,0.0,-0.007478944364436302,3.3864125701382564e-05,False
Q23,含水率指数系数,0.5,T,10800.0,0.25,-0.007309422132806276,3.3864125701382564e-05,False
Q23,含水率指数系数,0.5,T,10800.0,0.5,-0.006770098360675547,3.3864125701382564e-05,False
Q23,含水率指数系数,0.5,T,10800.0,0.75,-0.005822990983261889,3.3864125701382564e-05,False
Q23,含水率指数系数,0.5,T,10800.0,1.0,-0.004241564386120444,3.3864125701382564e-05,False
Q23,初始半径,0.5,C,1800.0,0.0,0.0013332513896457954,0.000260543723787059,False
Q23,初始半径,0.5,C,1800.0,0.25,0.013906109137273859,0.000260543723787059,False
Q23,初始半径,0.5,C,1800.0,0.5,0.1481303025473668,0.000260543723787059,False
Q23,初始半径,0.5,C,1800.0,0.75,0.4589273776947511,0.000260543723787059,False
Q23,初始半径,0.5,C,1800.0,1.0,0.03675242576688387,0.000260543723787059,False
Q23,初始半径,0.5,C,3600.0,0.0,0.22212646865482633,0.00022312503085297782,False
Q23,初始半径,0.5,C,3600.0,0.25,0.34497616082322935,0.00022312503085297782,False
Q23,初始半径,0.5,C,3600.0,0.5,0.6044789660064165,0.00022312503085297782,False
Q23,初始半径,0.5,C,3600.0,0.75,0.6132117554413341,0.00022312503085297782,False
Q23,初始半径,0.5,C,3600.0,1.0,0.0669049417869827,0.00022312503085297782,False
Q23,初始半径,0.5,C,5400.0,0.0,0.8565222503535086,0.00020831790602589414,False
Q23,初始半径,0.5,C,5400.0,0.25,0.8959959981815757,0.00020831790602589414,False
Q23,初始半径,0.5,C,5400.0,0.5,0.9002161127613206,0.00020831790602589414,False
Q23,初始半径,0.5,C,5400.0,0.75,0.6647134016874778,0.00020831790602589414,False
Q23,初始半径,0.5,C,5400.0,1.0,0.14634223619260922,0.00020831790602589414,False
Q23,初始半径,0.5,C,7200.0,0.0,1.3020777704991549,0.0001315932606751316,False
Q23,初始半径,0.5,C,7200.0,0.25,1.2543279786551675,0.0001315932606751316,False
Q23,初始半径,0.5,C,7200.0,0.5,1.082464240973846,0.0001315932606751316,False
Q23,初始半径,0.5,C,7200.0,0.75,0.7458637962328263,0.0001315932606751316,False
Q23,初始半径,0.5,C,7200.0,1.0,0.26039342490640216,0.0001315932606751316,False
Q23,初始半径,0.5,C,9000.0,0.0,1.49572518919725,0.00013438778186999212,False
Q23,初始半径,0.5,C,9000.0,0.25,1.4209389181264465,0.00013438778186999212,False
Q23,初始半径,0.5,C,9000.0,0.5,1.198648499218291,0.00013438778186999212,False
Q23,初始半径,0.5,C,9000.0,0.75,0.8424318688915466,0.00013438778186999212,False
Q23,初始半径,0.5,C,9000.0,1.0,0.3810562733743028,0.00013438778186999212,False
Q23,初始半径,0.5,C,10800.0,0.0,1.5707830589200888,0.00012621672101206953,False
Q23,初始半径,0.5,C,10800.0,0.25,1.4937896502972725,0.00012621672101206953,False
Q23,初始半径,0.5,C,10800.0,0.5,1.2710940939422377,0.00012621672101206953,False
Q23,初始半径,0.5,C,10800.0,0.75,0.9258390810723327,0.00012621672101206953,False
Q23,初始半径,0.5,C,10800.0,1.0,0.48401828049233764,0.00012621672101206953,False
Q23,初始半径,0.5,T,1800.0,0.0,-6.536864763844363,0.00042789212449999227,False
Q23,初始半径,0.5,T,1800.0,0.25,-6.321440612966001,0.00042789212449999227,False
Q23,初始半径,0.5,T,1800.0,0.5,-5.651604855859915,0.00042789212449999227,False
Q23,初始半径,0.5,T,1800.0,0.75,-4.448797358287493,0.00042789212449999227,False
Q23,初始半径,0.5,T,1800.0,1.0,-2.5206001866322936,0.00042789212449999227,False
Q23,初始半径,0.5,T,3600.0,0.0,-10.202070070976532,0.0003949045810079252,False
Q23,初始半径,0.5,T,3600.0,0.25,-9.846226327388763,0.0003949045810079252,False
Q23,初始半径,0.5,T,3600.0,0.5,-8.7896034039602,0.0003949045810079252,False
Q23,初始半径,0.5,T,3600.0,0.75,-7.084810398233543,0.0003949045810079252,False
Q23,初始半径,0.5,T,3600.0,1.0,-4.7827989272455795,0.0003949045810079252,False
Q23,初始半径,0.5,T,5400.0,0.0,-7.945760908096133,0.00027878113521120543,False
Q23,初始半径,0.5,T,5400.0,0.25,-7.676954344239562,0.00027878113521120543,False
Q23,初始半径,0.5,T,5400.0,0.5,-6.893361902839956,0.00027878113521120543,False
Q23,初始半径,0.5,T,5400.0,0.75,-5.6561380084779955,0.00027878113521120543,False
Q23,初始半径,0.5,T,5400.0,1.0,-4.047981201403417,0.00027878113521120543,False
Q23,初始半径,0.5,T,7200.0,0.0,-4.5557673888616534,0.00013556318332493436,False
Q23,初始半径,0.5,T,7200.0,0.25,-4.407419261380596,0.00013556318332493436,False
Q23,初始半径,0.5,T,7200.0,0.5,-3.974625522659636,0.00013556318332493436,False
Q23,初始半径,0.5,T,7200.0,0.75,-3.295352471899804,0.00013556318332493436,False
Q23,初始半径,0.5,T,7200.0,1.0,-2.417488020842029,0.00013556318332493436,False
Q23,初始半径,0.5,T,9000.0,0.0,-2.1139121996640142,6.253824905629177e-05,False
Q23,初始半径,0.5,T,9000.0,0.25,-2.0438793496950325,6.253824905629177e-05,False
Q23,初始半径,0.5,T,9000.0,0.5,-1.839195897576218,6.253824905629177e-05,False
Q23,初始半径,0.5,T,9000.0,0.75,-1.534926706301576,6.253824905629177e-05,False
Q23,初始半径,0.5,T,9000.0,1.0,-1.1518319596078186,6.253824905629177e-05,False
Q23,初始半径,0.5,T,10800.0,0.0,-0.8813785221413184,3.386500763591274e-05,False
Q23,初始半径,0.5,T,10800.0,0.25,-0.8624244308087725,3.386500763591274e-05,False
Q23,初始半径,0.5,T,10800.0,0.5,-0.7987076752080213,3.386500763591274e-05,False
Q23,初始半径,0.5,T,10800.0,0.75,-0.6781280434474013,3.386500763591274e-05,False
Q23,初始半径,0.5,T,10800.0,1.0,-0.49751553382648694,3.386500763591274e-05,False
Q23,初始含水率,0.5,C,1800.0,0.0,2.5498479075862335,0.00026054005379123245,False
Q23,初始含水率,0.5,C,1800.0,0.25,2.5479989960702554,0.00026054005379123245,False
Q23,初始含水率,0.5,C,1800.0,0.5,2.5163521674181233,0.00026054005379123245,False
Q23,初始含水率,0.5,C,1800.0,0.75,2.299755834631112,0.00026054005379123245,False
Q23,初始含水率,0.5,C,1800.0,1.0,1.687247605673381,0.00026054005379123245,False
Q23,初始含水率,0.5,C,3600.0,0.0,2.516011609043467,0.00022317128460871372,False
Q23,初始含水率,0.5,C,3600.0,0.25,2.479015140844254,0.00022317128460871372,False
Q23,初始含水率,0.5,C,3600.0,0.5,2.3274174299554584,0.00022317128460871372,False
Q23,初始含水率,0.5,C,3600.0,0.75,1.9909321426733406,0.00022317128460871372,False
Q23,初始含水率,0.5,C,3600.0,1.0,1.4992986521538576,0.00022317128460871372,False
Q23,初始含水率,0.5,C,5400.0,0.0,2.3467029422559182,0.00020834184998320046,False
Q23,初始含水率,0.5,C,5400.0,0.25,2.2817457341752334,0.00020834184998320046,False
Q23,初始含水率,0.5,C,5400.0,0.5,2.084006052177312,0.00020834184998320046,False
Q23,初始含水率,0.5,C,5400.0,0.75,1.7643047263091738,0.00020834184998320046,False
Q23,初始含水率,0.5,C,5400.0,1.0,1.3771720987649783,0.00020834184998320046,False
Q23,初始含水率,0.5,C,7200.0,0.0,2.094237433123869,0.00013157837267536727,False
Q23,初始含水率,0.5,C,7200.0,0.25,2.0317507457069173,0.00013157837267536727,False
Q23,初始含水率,0.5,C,7200.0,0.5,1.8523741304836694,0.00013157837267536727,False
Q23,初始含水率,0.5,C,7200.0,0.75,1.5817018068538857,0.00013157837267536727,False
Q23,初始含水率,0.5,C,7200.0,1.0,1.2646203802537448,0.00013157837267536727,False
Q23,初始含水率,0.5,C,9000.0,0.0,1.8479047911416302,0.00013441321409896726,False
Q23,初始含水率,0.5,C,9000.0,0.25,1.7955280225765868,0.00013441321409896726,False
Q23,初始含水率,0.5,C,9000.0,0.5,1.645709495204284,0.00013441321409896726,False
Q23,初始含水率,0.5,C,9000.0,0.75,1.4193516381470372,0.00013441321409896726,False
Q23,初始含水率,0.5,C,9000.0,1.0,1.150642649856226,0.00013441321409896726,False
Q23,初始含水率,0.5,C,10800.0,0.0,1.6335696810702904,0.0001262304251215582,False
Q23,初始含水率,0.5,C,10800.0,0.25,1.5897822657649385,0.0001262304251215582,False
Q23,初始含水率,0.5,C,10800.0,0.5,1.4637257663429715,0.0001262304251215582,False
Q23,初始含水率,0.5,C,10800.0,0.75,1.2707550276112256,0.0001262304251215582,False
Q23,初始含水率,0.5,C,10800.0,1.0,1.0385825879852595,0.0001262304251215582,False
Q23,初始含水率,0.5,T,1800.0,0.0,-1.8401097247370046,0.0004278920752473838,False
Q23,初始含水率,0.5,T,1800.0,0.25,-1.8284823828153662,0.0004278920752473838,False
Q23,初始含水率,0.5,T,1800.0,0.5,-1.788651958376164,0.0004278920752473838,False
Q23,初始含水率,0.5,T,1800.0,0.75,-1.7102652437486654,0.0004278920752473838,False
Q23,初始含水率,0.5,T,1800.0,1.0,-1.6028879674678365,0.0004278920752473838,False
Q23,初始含水率,0.5,T,3600.0,0.0,-2.98126541264665,0.0003949052252550415,False
Q23,初始含水率,0.5,T,3600.0,0.25,-2.922457992716687,0.0003949052252550415,False
Q23,初始含水率,0.5,T,3600.0,0.5,-2.7493127167559805,0.0003949052252550415,False
Q23,初始含水率,0.5,T,3600.0,0.75,-2.478404127750622,0.0003949052252550415,False
Q23,初始含水率,0.5,T,3600.0,1.0,-2.148876621046014,0.0003949052252550415,False
Q23,初始含水率,0.5,T,5400.0,0.0,-2.278587948723043,0.00027877351576557533,False
Q23,初始含水率,0.5,T,5400.0,0.25,-2.2255658237781972,0.00027877351576557533,False
Q23,初始含水率,0.5,T,5400.0,0.5,-2.0723218517133546,0.00027877351576557533,False
Q23,初始含水率,0.5,T,5400.0,0.75,-1.835310885281416,0.00027877351576557533,False
Q23,初始含水率,0.5,T,5400.0,1.0,-1.53662610369949,0.00027877351576557533,False
Q23,初始含水率,0.5,T,7200.0,0.0,-1.257624841949223,0.00013555137344069973,False
Q23,初始含水率,0.5,T,7200.0,0.25,-1.2270905260344023,0.00013555137344069973,False
Q23,初始含水率,0.5,T,7200.0,0.5,-1.138441446605043,0.00013555137344069973,False
Q23,初始含水率,0.5,T,7200.0,0.75,-1.0005919051955914,0.00013555137344069973,False
Q23,初始含水率,0.5,T,7200.0,1.0,-0.8262043623162185,0.00013555137344069973,False
Q23,初始含水率,0.5,T,9000.0,0.0,-0.561602365132785,6.252943536464009e-05,False
Q23,初始含水率,0.5,T,9000.0,0.25,-0.5468835467979716,6.252943536464009e-05,False
Q23,初始含水率,0.5,T,9000.0,0.5,-0.5037653774010664,6.252943536464009e-05,False
Q23,初始含水率,0.5,T,9000.0,0.75,-0.43761243019844187,6.252943536464009e-05,False
Q23,初始含水率,0.5,T,9000.0,1.0,-0.3625077249658659,6.252943536464009e-05,False
Q23,初始含水率,0.5,T,10800.0,0.0,-0.22287027574989793,3.386551982939792e-05,False
Q23,初始含水率,0.5,T,10800.0,0.25,-0.2183153520931569,3.386551982939792e-05,False
Q23,初始含水率,0.5,T,10800.0,0.5,-0.20463111438147052,3.386551982939792e-05,False
Q23,初始含水率,0.5,T,10800.0,0.75,-0.18212755335014208,3.386551982939792e-05,False
Q23,初始含水率,0.5,T,10800.0,1.0,-0.1533206687149402,3.386551982939792e-05,False
